city	region	country
Поти	Самегрело-Земосванети	Грузия
Астана	Акмолинская область	КАЗАХСТАН
Державинск	Акмолинская область	КАЗАХСТАН
Домбыралы	Акмолинская область	КАЗАХСТАН
Есиль	Акмолинская область	КАЗАХСТАН
Жаксынский жаксы	Акмолинская область	КАЗАХСТАН
Зеренда	Акмолинская область	КАЗАХСТАН
Кокшетау	Акмолинская область	КАЗАХСТАН
Красный Яр	Акмолинская область	КАЗАХСТАН
Макинск	Акмолинская область	КАЗАХСТАН
Максимовка	Акмолинская область	КАЗАХСТАН
Степногорск	Акмолинская область	КАЗАХСТАН
Щучинск	Акмолинская область	КАЗАХСТАН
Актобе	Актюбинская область	КАЗАХСТАН
Алма-Ата	Алматинская область	КАЗАХСТАН
Алматы	Алматинская область	КАЗАХСТАН
Зыряновск	Восточно-Казахстанская	КАЗАХСТАН
Усть-Каменогорск	Восточно-Казахстанская область	КАЗАХСТАН
Бауыржан-Момышулы	Жамбылская область	КАЗАХСТАН
Кушум	Западно-Казахстанская область	КАЗАХСТАН
Караганда	Карагандинская область	КАЗАХСТАН
Арка	Костанайская область	КАЗАХСТАН
Аркалык	Костанайская область	КАЗАХСТАН
Аулиеколь	Костанайская область	КАЗАХСТАН
Бестобе	Костанайская область	КАЗАХСТАН
Боровское	Костанайская область	КАЗАХСТАН
Глазуновка	Костанайская область	КАЗАХСТАН
Жарколь	Костанайская область	КАЗАХСТАН
Житикара	Костанайская область	КАЗАХСТАН
Заречное	Костанайская область	КАЗАХСТАН
Затобольск	Костанайская область	КАЗАХСТАН
Карабалык	Костанайская область	КАЗАХСТАН
Караменды	Костанайская область	КАЗАХСТАН
Карасу	Костанайская область	КАЗАХСТАН
Каскат	Костанайская область	КАЗАХСТАН
Койбагар	Костанайская область	КАЗАХСТАН
Костанай	Костанайская область	КАЗАХСТАН
Костонай	Костанайская область	КАЗАХСТАН
Кустанай	Костанайская область	КАЗАХСТАН
Лисаковск	Костанайская область	КАЗАХСТАН
Лисаковский	Костанайская область	КАЗАХСТАН
Майское	Костанайская область	КАЗАХСТАН
Михайловка	Костанайская область	КАЗАХСТАН
Мичурино	Костанайская область	КАЗАХСТАН
Молодежное	Костанайская область	КАЗАХСТАН
Рудный	Костанайская область	КАЗАХСТАН
Сарыколь	Костанайская область	КАЗАХСТАН
Суворово	Костанайская область	КАЗАХСТАН
Шолаксай	Костанайская область	КАЗАХСТАН
Заречный	Кустанайская область	КАЗАХСТАН
Аксу	Павлодарская область	КАЗАХСТАН
Экибастуз	Павлодарская область	КАЗАХСТАН
Ленинградское	Северо-Казахстанская	КАЗАХСТАН
Мамлютка	Северо-Казахстанская	КАЗАХСТАН
Новоишимское	Северо-Казахстанская	КАЗАХСТАН
Петропавловск	Северо-Казахстанская	КАЗАХСТАН
Тайынша	Северо-Казахстанская	КАЗАХСТАН
Чистовское	Северо-Казахстанская	КАЗАХСТАН
Чистополье	Северо-Казахстанская	КАЗАХСТАН
Алматы	Южно-Казахстанская	КАЗАХСТАН
Туркестан	Южно-Казахстанская	КАЗАХСТАН
АНДАРАК	Баткенская	КИРГИЗИЯ
Кара-Добо	Баткенская	КИРГИЗИЯ
Кок-Талаа	Баткенская	КИРГИЗИЯ
Кызыл-Кыя	Баткенская	КИРГИЗИЯ
Лейлек	Баткенская	КИРГИЗИЯ
Бишкек	Бишкекская область	КИРГИЗИЯ
Ала-Бука	Жалал-Абадская	КИРГИЗИЯ
Базар коргон	Жалал-Абадская	КИРГИЗИЯ
Жалал Абад	Жалал-Абадская	КИРГИЗИЯ
Каныш-Кыя	Жалал-Абадская	КИРГИЗИЯ
Кербен	Жалал-Абадская	КИРГИЗИЯ
Кочкор-Ата	Жалал-Абадская	КИРГИЗИЯ
Майлуу-Суу	Жалал-Абадская	КИРГИЗИЯ
Ноокен	Жалал-Абадская	КИРГИЗИЯ
Саргата	Жалал-Абадская	КИРГИЗИЯ
Сузак	Жалал-Абадская	КИРГИЗИЯ
Токтогул	Жалал-Абадская	КИРГИЗИЯ
Балыкчы	Иссык-Кульская	КИРГИЗИЯ
Боз-Булун	Иссык-Кульская	КИРГИЗИЯ
Бостери	Иссык-Кульская	КИРГИЗИЯ
Каракол	Иссык-Кульская	КИРГИЗИЯ
Корумду	Иссык-Кульская	КИРГИЗИЯ
Кызыл-Суу	Иссык-Кульская	КИРГИЗИЯ
Михайловка	Иссык-Кульская	КИРГИЗИЯ
Александровка	Московский район	КИРГИЗИЯ
Ат Башы	Нарынская	КИРГИЗИЯ
Калинин	Нарынская	КИРГИЗИЯ
КОЧКОР	Нарынская	КИРГИЗИЯ
Мин-булак	Нарынская	КИРГИЗИЯ
Нарын	Нарынская	КИРГИЗИЯ
Манас-Ата	Ошская область	КИРГИЗИЯ
Мурдаш	Ошская область	КИРГИЗИЯ
Ноокат	Ошская область	КИРГИЗИЯ
Ош	Ошская область	КИРГИЗИЯ
Уч коргон	Талас	КИРГИЗИЯ
Акжар	Таласская	КИРГИЗИЯ
КЕНЕШ	Таласская	КИРГИЗИЯ
Копуро-Базар	Таласская	КИРГИЗИЯ
Манас	Таласская	КИРГИЗИЯ
Талас	Таласская	КИРГИЗИЯ
Бишкек	Чуй	КИРГИЗИЯ
Бала-Айылчы	Чуйская область	КИРГИЗИЯ
Белводское	Чуйская область	КИРГИЗИЯ
Беловодское	Чуйская область	КИРГИЗИЯ
Вознесеновка	Чуйская область	КИРГИЗИЯ
Жаны Пахта	Чуйская область	КИРГИЗИЯ
Карагай-Булак	Чуйская область	КИРГИЗИЯ
Кепер-Арык	Чуйская область	КИРГИЗИЯ
Кок-жар	Чуйская область	КИРГИЗИЯ
Кошой	Чуйская область	КИРГИЗИЯ
Мраморное	Чуйская область	КИРГИЗИЯ
Нижне-Чуйск	Чуйская область	КИРГИЗИЯ
Сокулук	Чуйская область	КИРГИЗИЯ
Темен-Суу	Чуйская область	КИРГИЗИЯ
Токмок	Чуйская область	КИРГИЗИЯ
Фёдоровка	Чуйская область	КИРГИЗИЯ
Чон-Арык	Чуйская область	КИРГИЗИЯ
Чуй	Чуйская область	КИРГИЗИЯ
Шопоков	Чуйская область	КИРГИЗИЯ
Мэйшань	Аньхой	КИТАЙ
Наньван	Аньхой	КИТАЙ
Хунъян	Аньхой	КИТАЙ
Баотоу	Внутренняя Монголия	КИТАЙ
Байинь	Гансу	КИТАЙ
Ланчжоу	Гансу	КИТАЙ
Хэцзо	Ганьсу	КИТАЙ
Чжуншань	Гуандун	КИТАЙ
Шаньтоу	Гуандун	КИТАЙ
Цзуньи	Гуйчжоу	КИТАЙ
Цяньха	Гуйчжоу	КИТАЙ
Далянь	Ляонин	КИТАЙ
Пекин	Пекин	КИТАЙ
Кайфэн	Про.Хэнань	КИТАЙ
Чангэ	Про.Хэнань	КИТАЙ
Харбин	Провинция Хэйлунцзян	КИТАЙ
Урумчи	Синьцзян-Уйгурский	КИТАЙ
Хэнань	Синьцзян-Уйгурский	КИТАЙ
Ухань	Хубэй	КИТАЙ
Хуайхуа	Хунань	КИТАЙ
Чанша	Хунань	КИТАЙ
Баодин	Хэбэй	КИТАЙ
Шицзячжан	Хэбэй	КИТАЙ
Дацзян	Хэйлунцзян	КИТАЙ
Дацин	Хэйлунцзян	КИТАЙ
Муданьцзян	Хэйлунцзян	КИТАЙ
район Комсомольское освоение земель для с/х	Хэйлунцзян	КИТАЙ
Суйфэньхэ	Хэйлунцзян	КИТАЙ
Хэйхэ	Хэйлунцзян	КИТАЙ
Цициуар	Хэйлунцзян	КИТАЙ
Аньян	Хэнань	КИТАЙ
Ганъу	Хэнань	КИТАЙ
Даньчэн	Хэнань	КИТАЙ
Дэнчжоу	Хэнань	КИТАЙ
Линбао	Хэнань	КИТАЙ
Лохэ	Хэнань	КИТАЙ
Наньян	Хэнань	КИТАЙ
Пиндиньшань	Хэнань	КИТАЙ
Пуян	Хэнань	КИТАЙ
Синьсян	Хэнань	КИТАЙ
Синьчжэн	Хэнань	КИТАЙ
Сюйчан	Хэнань	КИТАЙ
Циньян	Хэнань	КИТАЙ
Чжанцзя	Хэнань	КИТАЙ
Чжумадянь	Хэнань	КИТАЙ
Чжэн Чжоу	Хэнань	КИТАЙ
Чжэнчжоу	Хэнань	КИТАЙ
Чанчунь	Цзилинь	КИТАЙ
Чанчунь	Чанчунь чаоян	КИТАЙ
Юецзин	Чжэцян	КИТАЙ
Дуннин	Шаньдун	КИТАЙ
Жичжао	Шаньдун	КИТАЙ
Циндао	Шаньдун	КИТАЙ
Линши	Шаньси	КИТАЙ
Тайюань	Шаньси	КИТАЙ
Сиань	Шэньси	КИТАЙ
Кишинев	Кишинев	МОЛДОВА
Дархан	Дархан аймак	Монголия
Улан-Батор	Монголия	Монголия
Гудаута	Абхазия	Республика Абхазия
Лыхны	Абхазия	Республика Абхазия
Сухум	Абхазия	Республика Абхазия
Ткуарчал	Абхазия	Республика Абхазия
Беюк	Огузский	Республика Азербайджан
Беюк Союдлы	Огузский	Республика Азербайджан
Ереван	Армавирская	Республика Армения
Арцни	Лори	Республика Армения
Гомель	Гомельская	Республика Беларусь
Сулеймания	Курдистан	Республика Ирак
Пичинча	Чимборасо	Республика Эквадор
Барнаул	Алтайский край	Российская Федерация
Бийск	Алтайский край	Российская Федерация
Горно-Алтайск	Алтайский край	Российская Федерация
Майма	Алтайский край	Российская Федерация
Рубцовск	Алтайский край	Российская Федерация
Шипуново	Алтайский край	Российская Федерация
Белогорск	Амурская область	Российская Федерация
Благовещенск	Амурская область	Российская Федерация
Восточный	Амурская область	Российская Федерация
Прогресс	Амурская область	Российская Федерация
Райчихинск	Амурская область	Российская Федерация
Сковородино	Амурская область	Российская Федерация
Тында	Амурская область	Российская Федерация
Чигири	Амурская область	Российская Федерация
Астрахань	Астраханская область	Российская Федерация
Белгород	Белгородская область	Российская Федерация
Валуйки	Белгородская область	Российская Федерация
Никольское	Белгородская область	Российская Федерация
Северный	Белгородская область	Российская Федерация
Старый Оскол	Белгородская область	Российская Федерация
Строитель	Белгородская область	Российская Федерация
Брянск	Брянская область	Российская Федерация
Владимир	Владимирская область	Российская Федерация
Гусь-Хрустальный	Владимирская область	Российская Федерация
Ковров	Владимирская область	Российская Федерация
Волгоград	Волгоградская область	Российская Федерация
Волжский	Волгоградская область	Российская Федерация
Жирновск	Волгоградская область	Российская Федерация
Камышин	Волгоградская область	Российская Федерация
Великий Устюг	Вологодская область	Российская Федерация
Нюксеница	Вологодская область	Российская Федерация
Тотьма	Вологодская область	Российская Федерация
Череповец	Вологодская область	Российская Федерация
Юбилейный	Вологодская область	Российская Федерация
Борисоглебск	Воронежская область	Российская Федерация
Воронеж	Воронежская область	Российская Федерация
Семилуки	Воронежская область	Российская Федерация
Биракан	Еврейская автономная область	Российская Федерация
Биробиджан	Еврейская автономная область	Российская Федерация
Ленинское	Еврейская автономная область	Российская Федерация
Агинское	Забайкальский край	Российская Федерация
Дульдурга	Забайкальский край	Российская Федерация
Карымское	Забайкальский край	Российская Федерация
Краснокаменск	Забайкальский край	Российская Федерация
Приаргунск	Забайкальский край	Российская Федерация
Чернышевск	Забайкальский край	Российская Федерация
Чита	Забайкальский край	Российская Федерация
Шерловая Гора	Забайкальский край	Российская Федерация
Иваново	Ивановская область	Российская Федерация
Ангарск	Иркутская область	Российская Федерация
Братск	Иркутская область	Российская Федерация
Железногорск-Илимский	Иркутская область	Российская Федерация
Зима	Иркутская область	Российская Федерация
Иркутск	Иркутская область	Российская Федерация
Молодежный	Иркутская область	Российская Федерация
Нижнеудинск	Иркутская область	Российская Федерация
Слюдянка	Иркутская область	Российская Федерация
Усть-Илимск	Иркутская область	Российская Федерация
Усть-Кут	Иркутская область	Российская Федерация
Шелехов	Иркутская область	Российская Федерация
Прохладный	Кабардино-Балкарская Республика	Российская Федерация
Калуга	Калужская область	Российская Федерация
Обнинск	Калужская область	Российская Федерация
Вилючинск	Камчатский край	Российская Федерация
Черкесск	Карачаево-Черкесская Республика	Российская Федерация
Костомукша	Карелия	Российская Федерация
Анжеро-Судженск	Кемеровская область	Российская Федерация
Белово	Кемеровская область	Российская Федерация
Восходящий	Кемеровская область	Российская Федерация
Итатский	Кемеровская область	Российская Федерация
Калтан	Кемеровская область	Российская Федерация
Кемерово	Кемеровская область	Российская Федерация
Краснобродский	Кемеровская область	Российская Федерация
Ленинск-Кузнецкий	Кемеровская область	Российская Федерация
Мазурово	Кемеровская область	Российская Федерация
Междуреченск	Кемеровская область	Российская Федерация
Новокузнецк	Кемеровская область	Российская Федерация
Прокопьевск	Кемеровская область	Российская Федерация
Юрга	Кемеровская область	Российская Федерация
Яя	Кемеровская область	Российская Федерация
Вятские Поляны	Кировская область	Российская Федерация
Зуевка	Кировская область	Российская Федерация
Киров	Кировская область	Российская Федерация
Кирово-Чепецк	Кировская область	Российская Федерация
Кирс	Кировская область	Российская Федерация
Котельнич	Кировская область	Российская Федерация
Красная Поляна	Кировская область	Российская Федерация
Лойно	Кировская область	Российская Федерация
Лянгасово	Кировская область	Российская Федерация
Малмыж	Кировская область	Российская Федерация
Мураши	Кировская область	Российская Федерация
Омутнинск	Кировская область	Российская Федерация
Пеньки	Кировская область	Российская Федерация
Рудничное городское поселение	Кировская область	Российская Федерация
Рудничный	Кировская область	Российская Федерация
Слободской	Кировская область	Российская Федерация
Советск	Кировская область	Российская Федерация
Суна	Кировская область	Российская Федерация
Уржум	Кировская область	Российская Федерация
Яранск	Кировская область	Российская Федерация
Кострома	Костромская область	Российская Федерация
Абинск	Краснодарский край	Российская Федерация
Анапа	Краснодарский край	Российская Федерация
Армавир	Краснодарский край	Российская Федерация
Горячий Ключ	Краснодарский край	Российская Федерация
Ейск	Краснодарский край	Российская Федерация
Краснодар	Краснодарский край	Российская Федерация
Красносельское	Краснодарский край	Российская Федерация
Крымск	Краснодарский край	Российская Федерация
Курганинск	Краснодарский край	Российская Федерация
Лабинск	Краснодарский край	Российская Федерация
Новороссийск	Краснодарский край	Российская Федерация
Павловская	Краснодарский край	Российская Федерация
Павловский	Краснодарский край	Российская Федерация
Полтавская	Краснодарский край	Российская Федерация
Приморско-Ахтарск	Краснодарский край	Российская Федерация
Славянск-на-Кубани	Краснодарский край	Российская Федерация
Сочи	Краснодарский край	Российская Федерация
Туапсе	Краснодарский край	Российская Федерация
Усть-Лабинск	Краснодарский край	Российская Федерация
Ачинск	Красноярский край	Российская Федерация
Березовка	Красноярский край	Российская Федерация
Дивногорск	Красноярский край	Российская Федерация
Диксон	Красноярский край	Российская Федерация
Красноярск	Красноярский край	Российская Федерация
Минусинск	Красноярский край	Российская Федерация
Норильск	Красноярский край	Российская Федерация
Снежногорск	Красноярский край	Российская Федерация
Солнечный	Красноярский край	Российская Федерация
Сосновоборск	Красноярский край	Российская Федерация
Шарыпово	Красноярский край	Российская Федерация
Актабан	Курганская область	Российская Федерация
Белозерское	Курганская область	Российская Федерация
Варгаши	Курганская область	Российская Федерация
Введенское	Курганская область	Российская Федерация
Глядянское	Курганская область	Российская Федерация
Далматово	Курганская область	Российская Федерация
Звериноголовское	Курганская область	Российская Федерация
Иковка	Курганская область	Российская Федерация
Камаган	Курганская область	Российская Федерация
Канаши	Курганская область	Российская Федерация
Каргаполье	Курганская область	Российская Федерация
Катайск	Курганская область	Российская Федерация
Кетово	Курганская область	Российская Федерация
Ключи	Курганская область	Российская Федерация
Красная Звезда	Курганская область	Российская Федерация
Красномыльское	Курганская область	Российская Федерация
Курган	Курганская область	Российская Федерация
Куртамыш	Курганская область	Российская Федерация
Лебяжье	Курганская область	Российская Федерация
Лесниково	Курганская область	Российская Федерация
Майский	Курганская область	Российская Федерация
Мехонское	Курганская область	Российская Федерация
Мишкино	Курганская область	Российская Федерация
Нижнеполевское	Курганская область	Российская Федерация
Новопетропавловское	Курганская область	Российская Федерация
Песчано-Коледино	Курганская область	Российская Федерация
Петухово	Курганская область	Российская Федерация
Пименовка	Курганская область	Российская Федерация
Садовое	Курганская область	Российская Федерация
Сафакулево	Курганская область	Российская Федерация
Светлый Дол	Курганская область	Российская Федерация
Сухоборское	Курганская область	Российская Федерация
Труд и Знание	Курганская область	Российская Федерация
Уксянское	Курганская область	Российская Федерация
Целинное	Курганская область	Российская Федерация
Чащи	Курганская область	Российская Федерация
Шадринск	Курганская область	Российская Федерация
Шатрово	Курганская область	Российская Федерация
Широковское	Курганская область	Российская Федерация
Шумиха	Курганская область	Российская Федерация
Юргамыш	Курганская область	Российская Федерация
Курск	Курская область	Российская Федерация
Кириши	Ленинградская область	Российская Федерация
Санкт-Петербург	Ленинградская область	Российская Федерация
Грязи	Липецкая область	Российская Федерация
Елец	Липецкая область	Российская Федерация
Липецк	Липецкая область	Российская Федерация
Магадан	Магаданская область	Российская Федерация
Москва	Москва	Российская Федерация
Московский	Москва	Российская Федерация
Балашиха	Московская область	Российская Федерация
Кораллово	Московская область	Российская Федерация
Королев	Московская область	Российская Федерация
Красная Пойма	Московская область	Российская Федерация
Лобня	Московская область	Российская Федерация
Люберцы	Московская область	Российская Федерация
Малаховка	Московская область	Российская Федерация
Москва	Московская область	Российская Федерация
Одинцово	Московская область	Российская Федерация
Химки	Московская область	Российская Федерация
Верхнетуломский	Мурманская область	Российская Федерация
Мурманск	Мурманская область	Российская Федерация
Котлас	Ненецкий АО (Архангельская область)	Российская Федерация
Яренск	Ненецкий АО (Архангельская область)	Российская Федерация
Дзержинск	Нижегородская область	Российская Федерация
Нижний Новгород	Нижегородская область	Российская Федерация
Бердск	Новосибирская область	Российская Федерация
Краснозерское	Новосибирская область	Российская Федерация
Краснообск	Новосибирская область	Российская Федерация
Купино	Новосибирская область	Российская Федерация
Новосибирск	Новосибирская область	Российская Федерация
Татарск	Новосибирская область	Российская Федерация
Тогучин	Новосибирская область	Российская Федерация
Большегривское	Омская область	Российская Федерация
Исилькуль	Омская область	Российская Федерация
Любинский	Омская область	Российская Федерация
Москаленки	Омская область	Российская Федерация
Омск	Омская область	Российская Федерация
Тара	Омская область	Российская Федерация
Адамовка	Оренбургская область	Российская Федерация
Бердянка	Оренбургская область	Российская Федерация
Бугуруслан	Оренбургская область	Российская Федерация
Бузулук	Оренбургская область	Российская Федерация
Гай	Оренбургская область	Российская Федерация
Горьковское	Оренбургская область	Российская Федерация
Домбаровский	Оренбургская область	Российская Федерация
Донское	Оренбургская область	Российская Федерация
Елизаветинка	Оренбургская область	Российская Федерация
ЗАТО Комаровский	Оренбургская область	Российская Федерация
Зиянчурино	Оренбургская область	Российская Федерация
Кваркено	Оренбургская область	Российская Федерация
Комсомольский	Оренбургская область	Российская Федерация
Красночабанский	Оренбургская область	Российская Федерация
Красноярский	Оренбургская область	Российская Федерация
Кубанка село	Оренбургская область	Российская Федерация
Кувандык	Оренбургская область	Российская Федерация
Майский	Оренбургская область	Российская Федерация
Марксовский	Оренбургская область	Российская Федерация
Медногорск	Оренбургская область	Российская Федерация
Новоорск	Оренбургская область	Российская Федерация
Новосергиевка	Оренбургская область	Российская Федерация
Новотроицк	Оренбургская область	Российская Федерация
Новотроицкое	Оренбургская область	Российская Федерация
Оренбург	Оренбургская область	Российская Федерация
Орск	Оренбургская область	Российская Федерация
Ростоши	Оренбургская область	Российская Федерация
Саракташ	Оренбургская область	Российская Федерация
Соль-Илецк	Оренбургская область	Российская Федерация
Сорочинск	Оренбургская область	Российская Федерация
Ташла	Оренбургская область	Российская Федерация
Теренсай	Оренбургская область	Российская Федерация
Тоцкое	Оренбургская область	Российская Федерация
Тоцкое Второе	Оренбургская область	Российская Федерация
Тукай	Оренбургская область	Российская Федерация
Тюльган	Оренбургская область	Российская Федерация
Уртазым	Оренбургская область	Российская Федерация
Экспериментальный	Оренбургская область	Российская Федерация
Энергетик	Оренбургская область	Российская Федерация
Ясный	Оренбургская область	Российская Федерация
Березовка	Пензенская область	Российская Федерация
Пенза	Пензенская область	Российская Федерация
Александровск	Пермский край	Российская Федерация
Атнягузи	Пермский край	Российская Федерация
Березники	Пермский край	Российская Федерация
Березовка	Пермский край	Российская Федерация
Большие Кусты	Пермский край	Российская Федерация
Верещагино	Пермский край	Российская Федерация
Вознесенское	Пермский край	Российская Федерация
Горнозаводск	Пермский край	Российская Федерация
Городище	Пермский край	Российская Федерация
Гремячинск	Пермский край	Российская Федерация
Губаха	Пермский край	Российская Федерация
Добрянка	Пермский край	Российская Федерация
Елово	Пермский край	Российская Федерация
Ергач	Пермский край	Российская Федерация
Звездный	Пермский край	Российская Федерация
Ильинский	Пермский край	Российская Федерация
Калинино	Пермский край	Российская Федерация
Карабаи	Пермский край	Российская Федерация
Кизел	Пермский край	Российская Федерация
Комсомольский	Пермский край	Российская Федерация
Кондратово	Пермский край	Российская Федерация
Кочево	Пермский край	Российская Федерация
Красновишерск	Пермский край	Российская Федерация
Краснокамск	Пермский край	Российская Федерация
Красный Ясыл	Пермский край	Российская Федерация
Кудымкар	Пермский край	Российская Федерация
Куеда	Пермский край	Российская Федерация
Кунгур	Пермский край	Российская Федерация
Ленск	Пермский край	Российская Федерация
Лобаново	Пермский край	Российская Федерация
Лысьва	Пермский край	Российская Федерация
Майский	Пермский край	Российская Федерация
Менделеево	Пермский край	Российская Федерация
Нытва	Пермский край	Российская Федерация
Октябрьский	Пермский край	Российская Федерация
Октябрьское	Пермский край	Российская Федерация
Орда	Пермский край	Российская Федерация
Оса	Пермский край	Российская Федерация
Осинцево	Пермский край	Российская Федерация
Оханск	Пермский край	Российская Федерация
Очер	Пермский край	Российская Федерация
Очерск	Пермский край	Российская Федерация
Ошья	Пермский край	Российская Федерация
Паршакова	Пермский край	Российская Федерация
Пермь	Пермский край	Российская Федерация
Платошино	Пермский край	Российская Федерация
Плеханово	Пермский край	Российская Федерация
Пожва	Пермский край	Российская Федерация
Полазна	Пермский край	Российская Федерация
Прикамский	Пермский край	Российская Федерация
Родники	Пермский край	Российская Федерация
Сарс	Пермский край	Российская Федерация
Сепыч	Пермский край	Российская Федерация
Сива	Пермский край	Российская Федерация
Соликамск	Пермский край	Российская Федерация
Суксун	Пермский край	Российская Федерация
Теплая гора	Пермский край	Российская Федерация
Уинское	Пермский край	Российская Федерация
Уральский	Пермский край	Российская Федерация
Усть-Качка	Пермский край	Российская Федерация
Усть-Кишерть	Пермский край	Российская Федерация
Фоки	Пермский край	Российская Федерация
Чайковский	Пермский край	Российская Федерация
Чердынь	Пермский край	Российская Федерация
Чермоз	Пермский край	Российская Федерация
Чернушка	Пермский край	Российская Федерация
Чусовой	Пермский край	Российская Федерация
Щучье Озеро	Пермский край	Российская Федерация
Юрла	Пермский край	Российская Федерация
Яйва	Пермский край	Российская Федерация
Владивосток	Приморский край	Российская Федерация
Дальнереченск	Приморский край	Российская Федерация
Находка	Приморский край	Российская Федерация
Партизанск	Приморский край	Российская Федерация
Уссурийск	Приморский край	Российская Федерация
Хороль	Приморский край	Российская Федерация
Чугуевка	Приморский край	Российская Федерация
Малояз	РБ Салаватский	Российская Федерация
Агидель	Республика Башкортостан	Российская Федерация
Аксаитово	Республика Башкортостан	Российская Федерация
Аксаитовский	Республика Башкортостан	Российская Федерация
Акъярский	Республика Башкортостан	Российская Федерация
Алегазово	Республика Башкортостан	Российская Федерация
Алегазовский	Республика Башкортостан	Российская Федерация
Арбашево	Республика Башкортостан	Российская Федерация
Арлан	Республика Башкортостан	Российская Федерация
Аскарово	Республика Башкортостан	Российская Федерация
Аскино	Республика Башкортостан	Российская Федерация
Аскинский	Республика Башкортостан	Российская Федерация
Ахуново	Республика Башкортостан	Российская Федерация
Баймак	Республика Башкортостан	Российская Федерация
Бедеево-Полянский	Республика Башкортостан	Российская Федерация
Белебей	Республика Башкортостан	Российская Федерация
Белорецк	Республика Башкортостан	Российская Федерация
Бирск	Республика Башкортостан	Российская Федерация
Благовещенск	Республика Башкортостан	Российская Федерация
Большая Ока	Республика Башкортостан	Российская Федерация
Большекачаково	Республика Башкортостан	Российская Федерация
Большекачаковский	Республика Башкортостан	Российская Федерация
Большеустьикинский	Республика Башкортостан	Российская Федерация
Большеустьикинское	Республика Башкортостан	Российская Федерация
Буздяк	Республика Башкортостан	Российская Федерация
Бураевский	Республика Башкортостан	Российская Федерация
Бурибаевский	Республика Башкортостан	Российская Федерация
Бурибай	Республика Башкортостан	Российская Федерация
Верхнекудашево	Республика Башкортостан	Российская Федерация
Верхние Татышлы	Республика Башкортостан	Российская Федерация
Верхний Авзян	Республика Башкортостан	Российская Федерация
Верховонданское	Республика Башкортостан	Российская Федерация
Городокский	Республика Башкортостан	Российская Федерация
Гражданцевский	Республика Башкортостан	Российская Федерация
Давлеканово	Республика Башкортостан	Российская Федерация
Дмитриевка	Республика Башкортостан	Российская Федерация
Евбулякский	Республика Башкортостан	Российская Федерация
Еланлино	Республика Башкортостан	Российская Федерация
Емаши	Республика Башкортостан	Российская Федерация
Железнодорожный	Республика Башкортостан	Российская Федерация
Ивановское МО	Республика Башкортостан	Российская Федерация
Инзерский	Республика Башкортостан	Российская Федерация
Искитим	Республика Башкортостан	Российская Федерация
Исянгулово	Республика Башкортостан	Российская Федерация
Исянгуловский	Республика Башкортостан	Российская Федерация
Ишимбай	Республика Башкортостан	Российская Федерация
Калтасинский	Республика Башкортостан	Российская Федерация
Калтасы	Республика Башкортостан	Российская Федерация
Караидель	Республика Башкортостан	Российская Федерация
Караидельский	Республика Башкортостан	Российская Федерация
Карлыханово	Республика Башкортостан	Российская Федерация
Карткисяк	Республика Башкортостан	Российская Федерация
Качкинтурай	Республика Башкортостан	Российская Федерация
Киселевск	Республика Башкортостан	Российская Федерация
Коныпское	Республика Башкортостан	Российская Федерация
Краснокамский	Республика Башкортостан	Российская Федерация
Красноусольский	Республика Башкортостан	Российская Федерация
Краснохолмский	Республика Башкортостан	Российская Федерация
Кумертау	Республика Башкортостан	Российская Федерация
Кусимовский рудник	Республика Башкортостан	Российская Федерация
Кутерем	Республика Башкортостан	Российская Федерация
Ломовка	Республика Башкортостан	Российская Федерация
Малояз	Республика Башкортостан	Российская Федерация
Межгорье	Республика Башкортостан	Российская Федерация
Мелеуз	Республика Башкортостан	Российская Федерация
Месягутово	Республика Башкортостан	Российская Федерация
Месягутовский	Республика Башкортостан	Российская Федерация
Метелинский	Республика Башкортостан	Российская Федерация
Мокрецовское	Республика Башкортостан	Российская Федерация
Мраково	Республика Башкортостан	Российская Федерация
Неполодское	Республика Башкортостан	Российская Федерация
Нефтекамск	Республика Башкортостан	Российская Федерация
Нижнее Бобино	Республика Башкортостан	Российская Федерация
Нижнекаменский	Республика Башкортостан	Российская Федерация
Нижние Киги	Республика Башкортостан	Российская Федерация
Николо-Березовка	Республика Башкортостан	Российская Федерация
Николо-Березовский	Республика Башкортостан	Российская Федерация
Новая Отрадовка	Республика Башкортостан	Российская Федерация
Новобелокатай	Республика Башкортостан	Российская Федерация
Новобелокатайский	Республика Башкортостан	Российская Федерация
Октябрьский	Республика Башкортостан	Российская Федерация
Петровский	Республика Башкортостан	Российская Федерация
Приютово	Республика Башкортостан	Российская Федерация
Раевский	Республика Башкортостан	Российская Федерация
Салават	Республика Башкортостан	Российская Федерация
Салаватский	Республика Башкортостан	Российская Федерация
Сальевский	Республика Башкортостан	Российская Федерация
Сандугач	Республика Башкортостан	Российская Федерация
Серафимовский	Республика Башкортостан	Российская Федерация
Серменево	Республика Башкортостан	Российская Федерация
Сибай	Республика Башкортостан	Российская Федерация
Сикиязский	Республика Башкортостан	Российская Федерация
Стерлитамак	Республика Башкортостан	Российская Федерация
Субханкуловский	Республика Башкортостан	Российская Федерация
Сусады-Эбалан	Республика Башкортостан	Российская Федерация
Тайняшевский	Республика Башкортостан	Российская Федерация
Тастуба	Республика Башкортостан	Российская Федерация
Тирлянский	Республика Башкортостан	Российская Федерация
Туймазы	Республика Башкортостан	Российская Федерация
ТУКАН	Республика Башкортостан	Российская Федерация
Туканский	Республика Башкортостан	Российская Федерация
Уральск	Республика Башкортостан	Российская Федерация
Уфа	Республика Башкортостан	Российская Федерация
Учалинский	Республика Башкортостан	Российская Федерация
Учалы	Республика Башкортостан	Российская Федерация
Чекмагуш	Республика Башкортостан	Российская Федерация
Юнусово	Республика Башкортостан	Российская Федерация
Явгильдинский	Республика Башкортостан	Российская Федерация
Янаул	Республика Башкортостан	Российская Федерация
Ярославка	Республика Башкортостан	Российская Федерация
Гусиноозерск	Республика Бурятия	Российская Федерация
Иволгинск	Республика Бурятия	Российская Федерация
Курумкан	Республика Бурятия	Российская Федерация
Кяхта	Республика Бурятия	Российская Федерация
Онохой	Республика Бурятия	Российская Федерация
Северобайкальск	Республика Бурятия	Российская Федерация
Селенгинский	Республика Бурятия	Российская Федерация
Сосново-Озёрское	Республика Бурятия	Российская Федерация
Таксимо	Республика Бурятия	Российская Федерация
Улан-Удэ	Республика Бурятия	Российская Федерация
Шигаево	Республика Бурятия	Российская Федерация
Дербент	Республика Дагестан	Российская Федерация
Каспийск	Республика Дагестан	Российская Федерация
Хурик	Республика Дагестан	Российская Федерация
Магас	Республика Ингушетия	Российская Федерация
Малгобек	Республика Ингушетия	Российская Федерация
Сунжа	Республика Ингушетия	Российская Федерация
Визинга	Республика Коми	Российская Федерация
Воркута	Республика Коми	Российская Федерация
Зеленец	Республика Коми	Российская Федерация
Кажым	Республика Коми	Российская Федерация
Койгородок	Республика Коми	Российская Федерация
Кослан	Республика Коми	Российская Федерация
Объячево	Республика Коми	Российская Федерация
Печора	Республика Коми	Российская Федерация
Помоздино	Республика Коми	Российская Федерация
Сыктывкар	Республика Коми	Российская Федерация
Усинск	Республика Коми	Российская Федерация
Ухта	Республика Коми	Российская Федерация
Чиньяворык	Республика Коми	Российская Федерация
Севастополь	Республика Крым	Российская Федерация
Йошкар-Ола	Республика Марий Эл	Российская Федерация
Низовка	Республика Мордовия	Российская Федерация
Алдан	Республика Саха (Якутия)	Российская Федерация
Борогонцы	Республика Саха (Якутия)	Российская Федерация
Вилюйск	Республика Саха (Якутия)	Российская Федерация
Витим	Республика Саха (Якутия)	Российская Федерация
Ленск	Республика Саха (Якутия)	Российская Федерация
Нерюнгри	Республика Саха (Якутия)	Российская Федерация
Пеледуй	Республика Саха (Якутия)	Российская Федерация
Сунтар	Республика Саха (Якутия)	Российская Федерация
Хатассы	Республика Саха (Якутия)	Российская Федерация
Юнкюр	Республика Саха (Якутия)	Российская Федерация
Якутск	Республика Саха (Якутия)	Российская Федерация
Агрыз	Республика Татарстан	Российская Федерация
Бугульма	Республика Татарстан	Российская Федерация
Елабуга	Республика Татарстан	Российская Федерация
Заинск	Республика Татарстан	Российская Федерация
Казань	Республика Татарстан	Российская Федерация
Лениногорск	Республика Татарстан	Российская Федерация
Набережные Челны	Республика Татарстан	Российская Федерация
Нижнекамск	Республика Татарстан	Российская Федерация
Старошешминск	Республика Татарстан	Российская Федерация
Ак-Довурак	Республика Тыва	Российская Федерация
Кызыл	Республика Тыва	Российская Федерация
Тоора-Хем	Республика Тыва	Российская Федерация
Абакан	Республика Хакасия	Российская Федерация
Саяногорск	Республика Хакасия	Российская Федерация
Черногорск	Республика Хакасия	Российская Федерация
Батайск	Ростовская область	Российская Федерация
Белая Калитва	Ростовская область	Российская Федерация
Волгодонск	Ростовская область	Российская Федерация
Егорлыкская	Ростовская область	Российская Федерация
Елизаветовка	Ростовская область	Российская Федерация
Каменск-Шахтинский	Ростовская область	Российская Федерация
Новочеркасск	Ростовская область	Российская Федерация
Ростов-на-Дону	Ростовская область	Российская Федерация
Таганрог	Ростовская область	Российская Федерация
Рязань	Рязанская область	Российская Федерация
Жигулевск	Самарская область	Российская Федерация
Самара	Самарская область	Российская Федерация
Сызрань	Самарская область	Российская Федерация
Тольятти	Самарская область	Российская Федерация
Санкт-Петербург	Санкт-Петербург	Российская Федерация
Аркадак	Саратовская область	Российская Федерация
Балаково	Саратовская область	Российская Федерация
Калининск	Саратовская область	Российская Федерация
Маркс	Саратовская область	Российская Федерация
Саратов	Саратовская область	Российская Федерация
Шиханы	Саратовская область	Российская Федерация
Энгельс	Саратовская область	Российская Федерация
Корсаков	Сахалинская область	Российская Федерация
Невельск	Сахалинская область	Российская Федерация
Смирных	Сахалинская область	Российская Федерация
Южно-Сахалинск	Сахалинская область	Российская Федерация
Красноуральск	Свердловская	Российская Федерация
Азанка	Свердловская область	Российская Федерация
Алапаевск	Свердловская область	Российская Федерация
Андриановичи	Свердловская область	Российская Федерация
Арамашево	Свердловская область	Российская Федерация
Арамиль	Свердловская область	Российская Федерация
Артемовский	Свердловская область	Российская Федерация
Арти	Свердловская область	Российская Федерация
Асбест	Свердловская область	Российская Федерация
Асбестовский	Свердловская область	Российская Федерация
Атиг	Свердловская область	Российская Федерация
Ачит	Свердловская область	Российская Федерация
Аятское	Свердловская область	Российская Федерация
Байкалово	Свердловская область	Российская Федерация
Байны	Свердловская область	Российская Федерация
Бакряж	Свердловская область	Российская Федерация
Балтым	Свердловская область	Российская Федерация
Бараба	Свердловская область	Российская Федерация
Баранникова	Свердловская область	Российская Федерация
Баранчинский	Свердловская область	Российская Федерация
Баранчиский	Свердловская область	Российская Федерация
Белокаменный	Свердловская область	Российская Федерация
Белоярск	Свердловская область	Российская Федерация
Белоярский	Свердловская область	Российская Федерация
Березовск	Свердловская область	Российская Федерация
Березовский	Свердловская область	Российская Федерация
Бисерть	Свердловская область	Российская Федерация
Бобровский	Свердловская область	Российская Федерация
Богданович	Свердловская область	Российская Федерация
Большебрусянское	Свердловская область	Российская Федерация
Большое Седельниково	Свердловская область	Российская Федерация
Большой Исток	Свердловская область	Российская Федерация
Большой Ут	Свердловская область	Российская Федерация
Бруснятское	Свердловская область	Российская Федерация
Буланаш	Свердловская область	Российская Федерация
Быньги	Свердловская область	Российская Федерация
Верхнее Дуброво	Свердловская область	Российская Федерация
Верх-Нейвинский	Свердловская область	Российская Федерация
Верхние Серги	Свердловская область	Российская Федерация
Верхний Тагил	Свердловская область	Российская Федерация
Верхняя Пышма	Свердловская область	Российская Федерация
Верхняя Салда	Свердловская область	Российская Федерация
Верхняя Синячиха	Свердловская область	Российская Федерация
Верхняя Тура	Свердловская область	Российская Федерация
Верхотурье	Свердловская область	Российская Федерация
Волковское	Свердловская область	Российская Федерация
Волчанск	Свердловская область	Российская Федерация
Восточный	Свердловская область	Российская Федерация
Гарашкинское	Свердловская область	Российская Федерация
Гари	Свердловская область	Российская Федерация
Горбуновское	Свердловская область	Российская Федерация
Горноуральский	Свердловская область	Российская Федерация
Городище	Свердловская область	Российская Федерация
Грязновское	Свердловская область	Российская Федерация
Двуреченск	Свердловская область	Российская Федерация
Дегтярск	Свердловская область	Российская Федерация
Дружинино	Свердловская область	Российская Федерация
Екатеринбург	Свердловская область	Российская Федерация
Зайково	Свердловская область	Российская Федерация
Заречный	Свердловская область	Российская Федерация
Заря	Свердловская область	Российская Федерация
Захаровское	Свердловская область	Российская Федерация
Знаменское	Свердловская область	Российская Федерация
Ивдель	Свердловская область	Российская Федерация
Ирбит	Свердловская область	Российская Федерация
Исеть	Свердловская область	Российская Федерация
Калиново	Свердловская область	Российская Федерация
Калья	Свердловская область	Российская Федерация
Каменск-Уральский	Свердловская область	Российская Федерация
Камино	Свердловская область	Российская Федерация
Камышлов	Свердловская область	Российская Федерация
Карпинск	Свердловская область	Российская Федерация
Качканар	Свердловская область	Российская Федерация
Кашино	Свердловская область	Российская Федерация
Кедровка	Свердловская область	Российская Федерация
Килачевское	Свердловская область	Российская Федерация
Кировград	Свердловская область	Российская Федерация
Кировоград	Свердловская область	Российская Федерация
Кленовское	Свердловская область	Российская Федерация
Ключевая	Свердловская область	Российская Федерация
Ключи	Свердловская область	Российская Федерация
Колясникова	Свердловская область	Российская Федерация
Коптелово	Свердловская область	Российская Федерация
Кордюково	Свердловская область	Российская Федерация
Костино	Свердловская область	Российская Федерация
Кочневское	Свердловская область	Российская Федерация
Краснополье	Свердловская область	Российская Федерация
Краснотурьинск	Свердловская область	Российская Федерация
Красноуральск	Свердловская область	Российская Федерация
Красноуфимск	Свердловская область	Российская Федерация
Красный	Свердловская область	Российская Федерация
Криулино	Свердловская область	Российская Федерация
Кузино	Свердловская область	Российская Федерация
Курьи	Свердловская область	Российская Федерация
Кушва	Свердловская область	Российская Федерация
Лая	Свердловская область	Российская Федерация
Левиха	Свердловская область	Российская Федерация
Лесной	Свердловская область	Российская Федерация
Липовское	Свердловская область	Российская Федерация
Лобва	Свердловская область	Российская Федерация
Лосиный	Свердловская область	Российская Федерация
Луговской	Свердловская область	Российская Федерация
Лысьва	Свердловская область	Российская Федерация
Малышева	Свердловская область	Российская Федерация
Маминское	Свердловская область	Российская Федерация
Манчаж	Свердловская область	Российская Федерация
Мартюш	Свердловская область	Российская Федерация
Маслово	Свердловская область	Российская Федерация
Махнево	Свердловская область	Российская Федерация
Медногорск	Свердловская область	Российская Федерация
Мироново	Свердловская область	Российская Федерация
Михайловск	Свердловская область	Российская Федерация
Монетный	Свердловская область	Российская Федерация
Натальинск	Свердловская область	Российская Федерация
Невьянск	Свердловская область	Российская Федерация
Невьянское	Свердловская область	Российская Федерация
Нижнеиргинское	Свердловская область	Российская Федерация
Нижние Серги	Свердловская область	Российская Федерация
Нижний Тагил	Свердловская область	Российская Федерация
Нижняя Салда	Свердловская область	Российская Федерация
Нижняя Тура	Свердловская область	Российская Федерация
Николо-Павловское	Свердловская область	Российская Федерация
Никольское	Свердловская область	Российская Федерация
Новая Ляля	Свердловская область	Российская Федерация
Новоалексеевское	Свердловская область	Российская Федерация
Новоасбест	Свердловская область	Российская Федерация
Новоисетское	Свердловская область	Российская Федерация
Новопаньшино	Свердловская область	Российская Федерация
Новопышминское	Свердловская область	Российская Федерация
Новоуральск	Свердловская область	Российская Федерация
Новоуткинск	Свердловская область	Российская Федерация
Обуховское	Свердловская область	Российская Федерация
Октябрьский	Свердловская область	Российская Федерация
Останино	Свердловская область	Российская Федерация
Пелым	Свердловская область	Российская Федерация
Первоуральск	Свердловская область	Российская Федерация
Пионерский	Свердловская область	Российская Федерация
Покровское	Свердловская область	Российская Федерация
Полевой	Свердловская область	Российская Федерация
Полевской	Свердловская область	Российская Федерация
Половинный	Свердловская область	Российская Федерация
Полуночное	Свердловская область	Российская Федерация
Порошина	Свердловская область	Российская Федерация
Порошино	Свердловская область	Российская Федерация
Поташка	Свердловская область	Российская Федерация
Приданниково	Свердловская область	Российская Федерация
Пышма	Свердловская область	Российская Федерация
Ревда	Свердловская область	Российская Федерация
Реж	Свердловская область	Российская Федерация
Рефтинский	Свердловская область	Российская Федерация
Речкалова	Свердловская область	Российская Федерация
Рудничный	Свердловская область	Российская Федерация
Русская Тавра	Свердловская область	Российская Федерация
Самара	Свердловская область	Российская Федерация
Санкино	Свердловская область	Российская Федерация
Сарана	Свердловская область	Российская Федерация
Свердловское	Свердловская область	Российская Федерация
Свободный	Свердловская область	Российская Федерация
Североуральск	Свердловская область	Российская Федерация
Серов	Свердловская область	Российская Федерация
Слобода-Туринская	Свердловская область	Российская Федерация
Совхозный	Свердловская область	Российская Федерация
Соликамск	Свердловская область	Российская Федерация
Сосновый Бор	Свердловская область	Российская Федерация
Сосьва	Свердловская область	Российская Федерация
Среднеуральск	Свердловская область	Российская Федерация
Средний Бугалыш	Свердловская область	Российская Федерация
Старопышминск	Свердловская область	Российская Федерация
Староуткинск	Свердловская область	Российская Федерация
Стриганское	Свердловская область	Российская Федерация
Студенческий	Свердловская область	Российская Федерация
Субботина	Свердловская область	Российская Федерация
Сухой Лог	Свердловская область	Российская Федерация
Сысерть	Свердловская область	Российская Федерация
Таборы	Свердловская область	Российская Федерация
Тавда	Свердловская область	Российская Федерация
Талица	Свердловская область	Российская Федерация
Талицкий	Свердловская область	Российская Федерация
Тарасково	Свердловская область	Российская Федерация
Травянское	Свердловская область	Российская Федерация
Троицкий	Свердловская область	Российская Федерация
Троицкое	Свердловская область	Российская Федерация
Тугулым	Свердловская область	Российская Федерация
Туринск	Свердловская область	Российская Федерация
Туринская Слобода	Свердловская область	Российская Федерация
Уралец	Свердловская область	Российская Федерация
Уральский	Свердловская область	Российская Федерация
Усть-Салда	Свердловская область	Российская Федерация
Уфимский	Свердловская область	Российская Федерация
Цементный	Свердловская область	Российская Федерация
Черемисское	Свердловская область	Российская Федерация
Черемухово	Свердловская область	Российская Федерация
Черемхово	Свердловская область	Российская Федерация
Черновское	Свердловская область	Российская Федерация
Черноисточинск	Свердловская область	Российская Федерация
Чернокоровское	Свердловская область	Российская Федерация
Чернушка	Свердловская область	Российская Федерация
Четкарино	Свердловская область	Российская Федерация
Шаля	Свердловская область	Российская Федерация
Шамары	Свердловская область	Российская Федерация
Шогринское	Свердловская область	Российская Федерация
Щелкун	Свердловская область	Российская Федерация
Юшала	Свердловская область	Российская Федерация
Севастополь	Севастополь	Российская Федерация
Владикавказ	Северная Осетия - Алания	Российская Федерация
Вязьма	Смоленская область	Российская Федерация
Десногорск	Смоленская область	Российская Федерация
Смоленск	Смоленская область	Российская Федерация
Александрийская	Ставропольский край	Российская Федерация
Александровское	Ставропольский край	Российская Федерация
Ессентуки	Ставропольский край	Российская Федерация
Кисловодск	Ставропольский край	Российская Федерация
Невинномысск	Ставропольский край	Российская Федерация
Пятигорск	Ставропольский край	Российская Федерация
Ставрополь	Ставропольский край	Российская Федерация
Тамбов	Тамбовская область	Российская Федерация
Тверь	Тверская область	Российская Федерация
Северск	Томская область	Российская Федерация
Стрежевой	Томская область	Российская Федерация
Томск	Томская область	Российская Федерация
Тула	Тульская область	Российская Федерация
Когалым	Тюменская (Ханты-Манс. и Ямало-Нен. АО)	Российская Федерация
Нижневартовск	Тюменская (Ханты-Манс. и Ямало-Нен. АО)	Российская Федерация
Тобольск	Тюменская (Ханты-Манс. и Ямало-Нен. АО)	Российская Федерация
Юргинское	Тюменская (Ханты-Манс. и Ямало-Нен. АО)	Российская Федерация
Абатское	Тюменская область	Российская Федерация
Аксарина	Тюменская область	Российская Федерация
Беркут	Тюменская область	Российская Федерация
Большое Сорокино	Тюменская область	Российская Федерация
Викулово	Тюменская область	Российская Федерация
Голышманово	Тюменская область	Российская Федерация
Заводоуковск	Тюменская область	Российская Федерация
Игрим	Тюменская область	Российская Федерация
Излучинск	Тюменская область	Российская Федерация
Ингалинское	Тюменская область	Российская Федерация
Ишим	Тюменская область	Российская Федерация
Каскара	Тюменская область	Российская Федерация
Когалым	Тюменская область	Российская Федерация
Кондинское	Тюменская область	Российская Федерация
Лангепас	Тюменская область	Российская Федерация
Мегион	Тюменская область	Российская Федерация
Московский	Тюменская область	Российская Федерация
Нижневартовск	Тюменская область	Российская Федерация
Новоселезнево	Тюменская область	Российская Федерация
Нягань	Тюменская область	Российская Федерация
Октябрьский	Тюменская область	Российская Федерация
Окунево	Тюменская область	Российская Федерация
Пионерский	Тюменская область	Российская Федерация
Приполярный	Тюменская область	Российская Федерация
Пыть-Ях	Тюменская область	Российская Федерация
Салехард	Тюменская область	Российская Федерация
Сладково	Тюменская область	Российская Федерация
Советский	Тюменская область	Российская Федерация
Сургут	Тюменская область	Российская Федерация
Таежный	Тюменская область	Российская Федерация
Тбмень	Тюменская область	Российская Федерация
Тобольск	Тюменская область	Российская Федерация
Тюмень	Тюменская область	Российская Федерация
Уват	Тюменская область	Российская Федерация
Урай	Тюменская область	Российская Федерация
Ханты-Мансийск	Тюменская область	Российская Федерация
Югорск	Тюменская область	Российская Федерация
Ялуторовск	Тюменская область	Российская Федерация
Ярково	Тюменская область	Российская Федерация
Арзамасцево	Удмуртская Республика	Российская Федерация
Балезино	Удмуртская Республика	Российская Федерация
Большая Кибья	Удмуртская Республика	Российская Федерация
Воткинск	Удмуртская Республика	Российская Федерация
Глазов	Удмуртская Республика	Российская Федерация
Грахово	Удмуртская Республика	Российская Федерация
Дебесы	Удмуртская Республика	Российская Федерация
Завьялово	Удмуртская Республика	Российская Федерация
Игра	Удмуртская Республика	Российская Федерация
Ижевск	Удмуртская Республика	Российская Федерация
Италмас	Удмуртская Республика	Российская Федерация
Камбарка	Удмуртская Республика	Российская Федерация
Каменное	Удмуртская Республика	Российская Федерация
Каменное Заделье	Удмуртская Республика	Российская Федерация
Кез	Удмуртская Республика	Российская Федерация
Киясово	Удмуртская Республика	Российская Федерация
Малая Пурга	Удмуртская Республика	Российская Федерация
Можга	Удмуртская Республика	Российская Федерация
Новый	Удмуртская Республика	Российская Федерация
Октябрьский	Удмуртская Республика	Российская Федерация
Перевозное	Удмуртская Республика	Российская Федерация
Писеево	Удмуртская Республика	Российская Федерация
Сарапул	Удмуртская Республика	Российская Федерация
Сигаево	Удмуртская Республика	Российская Федерация
Ува	Удмуртская Республика	Российская Федерация
Укан	Удмуртская Республика	Российская Федерация
Черемушки	Удмуртская Республика	Российская Федерация
Шаркан	Удмуртская Республика	Российская Федерация
Юкаменское	Удмуртская Республика	Российская Федерация
Якшур-Бодья	Удмуртская Республика	Российская Федерация
Яр	Удмуртская Республика	Российская Федерация
Мокрая Бугурна	Ульяновская область	Российская Федерация
Ульяновск	Ульяновская область	Российская Федерация
Вяземский	Хабаровский край	Российская Федерация
Комсомольск-на-Амуре	Хабаровский край	Российская Федерация
Хабаровск	Хабаровский край	Российская Федерация
Ягодный	Хабаровский край	Российская Федерация
Автодорога Нефтеюганск-Сургут 54	Ханты-Мансийский автономный округ - Югра	Российская Федерация
Агириш	Ханты-Мансийский автономный округ - Югра	Российская Федерация
Алябьевский	Ханты-Мансийский автономный округ - Югра	Российская Федерация
Андра	Ханты-Мансийский автономный округ - Югра	Российская Федерация
Белоярский	Ханты-Мансийский автономный округ - Югра	Российская Федерация
Белый Яр	Ханты-Мансийский автономный округ - Югра	Российская Федерация
Березово	Ханты-Мансийский автономный округ - Югра	Российская Федерация
Верхнеказымский	Ханты-Мансийский автономный округ - Югра	Российская Федерация
Зеленоборск	Ханты-Мансийский автономный округ - Югра	Российская Федерация
Игрим	Ханты-Мансийский автономный округ - Югра	Российская Федерация
Излучинск	Ханты-Мансийский автономный округ - Югра	Российская Федерация
Кедровый	Ханты-Мансийский автономный округ - Югра	Российская Федерация
Когалым	Ханты-Мансийский автономный округ - Югра	Российская Федерация
Коммунистический	Ханты-Мансийский автономный округ - Югра	Российская Федерация
Лангепас	Ханты-Мансийский автономный округ - Югра	Российская Федерация
Лыхма	Ханты-Мансийский автономный округ - Югра	Российская Федерация
Лянтор	Ханты-Мансийский автономный округ - Югра	Российская Федерация
Малиновский	Ханты-Мансийский автономный округ - Югра	Российская Федерация
Мегион	Ханты-Мансийский автономный округ - Югра	Российская Федерация
Междуреченский	Ханты-Мансийский автономный округ - Югра	Российская Федерация
Нефтеюганск	Ханты-Мансийский автономный округ - Югра	Российская Федерация
Нижневартовск	Ханты-Мансийский автономный округ - Югра	Российская Федерация
Нижнесортымский	Ханты-Мансийский автономный округ - Югра	Российская Федерация
Нягань	Ханты-Мансийский автономный округ - Югра	Российская Федерация
Октябрьский	Ханты-Мансийский автономный округ - Югра	Российская Федерация
Октябрьское	Ханты-Мансийский автономный округ - Югра	Российская Федерация
Перегребное	Ханты-Мансийский автономный округ - Югра	Российская Федерация
Пионерский	Ханты-Мансийский автономный округ - Югра	Российская Федерация
Пойковский	Ханты-Мансийский автономный округ - Югра	Российская Федерация
Покачи	Ханты-Мансийский автономный округ - Югра	Российская Федерация
Покур	Ханты-Мансийский автономный округ - Югра	Российская Федерация
Приобье	Ханты-Мансийский автономный округ - Югра	Российская Федерация
Приполярный	Ханты-Мансийский автономный округ - Югра	Российская Федерация
Пыть-Ях	Ханты-Мансийский автономный округ - Югра	Российская Федерация
Радужный	Ханты-Мансийский автономный округ - Югра	Российская Федерация
Салым	Ханты-Мансийский автономный округ - Югра	Российская Федерация
Сингапай	Ханты-Мансийский автономный округ - Югра	Российская Федерация
Советский	Ханты-Мансийский автономный округ - Югра	Российская Федерация
Солнечный	Ханты-Мансийский автономный округ - Югра	Российская Федерация
Сорум	Ханты-Мансийский автономный округ - Югра	Российская Федерация
Сургут	Ханты-Мансийский автономный округ - Югра	Российская Федерация
Таежный	Ханты-Мансийский автономный округ - Югра	Российская Федерация
Талинка	Ханты-Мансийский автономный округ - Югра	Российская Федерация
Ульт-Ягун	Ханты-Мансийский автономный округ - Югра	Российская Федерация
Унъюган	Ханты-Мансийский автономный округ - Югра	Российская Федерация
Урай	Ханты-Мансийский автономный округ - Югра	Российская Федерация
Федоровский	Ханты-Мансийский автономный округ - Югра	Российская Федерация
Ханты	Ханты-Мансийский автономный округ - Югра	Российская Федерация
Ханты-Мансийск	Ханты-Мансийский автономный округ - Югра	Российская Федерация
Чеускино	Ханты-Мансийский автономный округ - Югра	Российская Федерация
Югорск	Ханты-Мансийский автономный округ - Югра	Российская Федерация
Югра	Ханты-Мансийский автономный округ - Югра	Российская Федерация
Миасс	Челябинская	Российская Федерация
Аргаяш	Челябинская область	Российская Федерация
Аша	Челябинская область	Российская Федерация
Байрамгулово	Челябинская область	Российская Федерация
Бакал	Челябинская область	Российская Федерация
Березовка	Челябинская область	Российская Федерация
Буранный	Челябинская область	Российская Федерация
Варна	Челябинская область	Российская Федерация
Верхнеуральск	Челябинская область	Российская Федерация
Верхний Уфалей	Челябинская область	Российская Федерация
Вишневогорск	Челябинская область	Российская Федерация
Долгодеревенское	Челябинская область	Российская Федерация
Еманжелинск	Челябинская область	Российская Федерация
Еткуль	Челябинская область	Российская Федерация
Златоуст	Челябинская область	Российская Федерация
Измайловский	Челябинская область	Российская Федерация
Каменский	Челябинская область	Российская Федерация
Карабаш	Челябинская область	Российская Федерация
Карталы	Челябинская область	Российская Федерация
Касли	Челябинская область	Российская Федерация
Катав-Ивановск	Челябинская область	Российская Федерация
Катенино	Челябинская область	Российская Федерация
Кацбахский	Челябинская область	Российская Федерация
Кизильское	Челябинская область	Российская Федерация
Копейск	Челябинская область	Российская Федерация
Коркино	Челябинская область	Российская Федерация
Красногорский	Челябинская область	Российская Федерация
Кундравы	Челябинская область	Российская Федерация
Куса	Челябинская область	Российская Федерация
Кыштым	Челябинская область	Российская Федерация
Магнитка	Челябинская область	Российская Федерация
Магнитогорск	Челябинская область	Российская Федерация
Межозерный	Челябинская область	Российская Федерация
Метлино	Челябинская область	Российская Федерация
Миасс	Челябинская область	Российская Федерация
Миасское	Челябинская область	Российская Федерация
Нижний Уфалей	Челябинская область	Российская Федерация
Новобатурино	Челябинская область	Российская Федерация
Новобурино	Челябинская область	Российская Федерация
Нязепетровск	Челябинская область	Российская Федерация
Озёрск	Челябинская область	Российская Федерация
Октябрьское	Челябинская область	Российская Федерация
Петропавловка	Челябинская область	Российская Федерация
Пласт	Челябинская область	Российская Федерация
Роза	Челябинская область	Российская Федерация
Рощино	Челябинская область	Российская Федерация
Сатка	Челябинская область	Российская Федерация
Снежинск	Челябинская область	Российская Федерация
Сулея	Челябинская область	Российская Федерация
Тимирязевский	Челябинская область	Российская Федерация
Трехгорный	Челябинская область	Российская Федерация
Трехгорный-1	Челябинская область	Российская Федерация
Троицк	Челябинская область	Российская Федерация
Тюбук	Челябинская область	Российская Федерация
Увельский	Челябинская область	Российская Федерация
Уйское	Челябинская область	Российская Федерация
Ункурда	Челябинская область	Российская Федерация
Усть-Катав	Челябинская область	Российская Федерация
Халитово	Челябинская область	Российская Федерация
Центральный	Челябинская область	Российская Федерация
Чебаркуль	Челябинская область	Российская Федерация
Челябинск	Челябинская область	Российская Федерация
Черемшанка	Челябинская область	Российская Федерация
Чесма	Челябинская область	Российская Федерация
Шабурово	Челябинская область	Российская Федерация
Шемаха	Челябинская область	Российская Федерация
Южноуральск	Челябинская область	Российская Федерация
Юрюзань	Челябинская область	Российская Федерация
Алатырь	Чувашская республика	Российская Федерация
Канаш	Чувашская республика	Российская Федерация
Новочебоксарск	Чувашская республика	Российская Федерация
Чебоксары	Чувашская республика	Российская Федерация
Аксарка	Ямало-Ненецкий автономный округ	Российская Федерация
Горки	Ямало-Ненецкий автономный округ	Российская Федерация
Губкинский	Ямало-Ненецкий автономный округ	Российская Федерация
Заполярный	Ямало-Ненецкий автономный округ	Российская Федерация
Лабытнанги	Ямало-Ненецкий автономный округ	Российская Федерация
Мужи	Ямало-Ненецкий автономный округ	Российская Федерация
Муравленко	Ямало-Ненецкий автономный округ	Российская Федерация
Надым	Ямало-Ненецкий автономный округ	Российская Федерация
Новый Порт	Ямало-Ненецкий автономный округ	Российская Федерация
Новый Уренгой	Ямало-Ненецкий автономный округ	Российская Федерация
Ноябрьск	Ямало-Ненецкий автономный округ	Российская Федерация
Панаевск	Ямало-Ненецкий автономный округ	Российская Федерация
Пангоды	Ямало-Ненецкий автономный округ	Российская Федерация
Приозерный	Ямало-Ненецкий автономный округ	Российская Федерация
Пуровск	Ямало-Ненецкий автономный округ	Российская Федерация
Пурпе	Ямало-Ненецкий автономный округ	Российская Федерация
Пурпе-1	Ямало-Ненецкий автономный округ	Российская Федерация
Салеха	Ямало-Ненецкий автономный округ	Российская Федерация
Салехард	Ямало-Ненецкий автономный округ	Российская Федерация
Тарко-Сале	Ямало-Ненецкий автономный округ	Российская Федерация
Уренгой	Ямало-Ненецкий автономный округ	Российская Федерация
Ханымей	Ямало-Ненецкий автономный округ	Российская Федерация
Харп	Ямало-Ненецкий автономный округ	Российская Федерация
Тутаев	Ярославская область	Российская Федерация
Ярославль	Ярославская область	Российская Федерация
Латакия	Латакия	Сирийская Арабская Республика
Рединг	Беркшир	Соединенное Королевство Великобритании и Северной Ирландии
Хистеварз	Б.Гафуровского района	ТАДЖИКИСТАН
Рошткала	ВМКБ	ТАДЖИКИСТАН
Исфара	Ворух	ТАДЖИКИСТАН
Гиссар	Гиссарская долина	ТАДЖИКИСТАН
Ванч	Горно-Бадахшанская автономная	ТАДЖИКИСТАН
Душанбе	Душанбе	ТАДЖИКИСТАН
ТУРСУНЗОДА	Душанбе	ТАДЖИКИСТАН
Фирдавси	Душанбе	ТАДЖИКИСТАН
Душанбе	Исмоили Сомони	ТАДЖИКИСТАН
Джайхун	Кумсангийский	ТАДЖИКИСТАН
Турсунзаде	Районы республиканского подчинения	ТАДЖИКИСТАН
Шахринав	Районы республиканского подчинения	ТАДЖИКИСТАН
Файзобод	РРП	ТАДЖИКИСТАН
Джамоат Россия	Рудаки	ТАДЖИКИСТАН
Душанбе	Сино	ТАДЖИКИСТАН
Айни	Согдийская область	ТАДЖИКИСТАН
Ашт	Согдийская область	ТАДЖИКИСТАН
Б. Гафуровский	Согдийская область	ТАДЖИКИСТАН
Басмонда	Согдийская область	ТАДЖИКИСТАН
Бободжон Гафуровский район	Согдийская область	ТАДЖИКИСТАН
Бустон	Согдийская область	ТАДЖИКИСТАН
Гафуров	Согдийская область	ТАДЖИКИСТАН
Гончи	Согдийская область	ТАДЖИКИСТАН
Гулистон	Согдийская область	ТАДЖИКИСТАН
Джаббор Расулов	Согдийская область	ТАДЖИКИСТАН
Зарафшон-1	Согдийская область	ТАДЖИКИСТАН
Зафаробод	Согдийская область	ТАДЖИКИСТАН
Истаравшан	Согдийская область	ТАДЖИКИСТАН
Кайраккум	Согдийская область	ТАДЖИКИСТАН
Канибадам	Согдийская область	ТАДЖИКИСТАН
Мастчох	Согдийская область	ТАДЖИКИСТАН
Мехробод	Согдийская область	ТАДЖИКИСТАН
Расулов	Согдийская область	ТАДЖИКИСТАН
Хистеварз	Согдийская область	ТАДЖИКИСТАН
Ходжанд	Согдийская область	ТАДЖИКИСТАН
Худжанд	Согдийская область	ТАДЖИКИСТАН
Чорух-дайрон	Согдийская область	ТАДЖИКИСТАН
Шайдон	Согдийская область	ТАДЖИКИСТАН
Шахристан	Согдийская область	ТАДЖИКИСТАН
Янгикурган	Согдийская область	ТАДЖИКИСТАН
Бохтар	Хатлонская	ТАДЖИКИСТАН
Восе	Хатлонская	ТАДЖИКИСТАН
Кулоб	Хатлонская	ТАДЖИКИСТАН
Куляб	Хатлонская	ТАДЖИКИСТАН
Кургантюбе	Хатлонская	ТАДЖИКИСТАН
Курган-Тюбе	Хатлонская	ТАДЖИКИСТАН
Нурека	Хатлонская	ТАДЖИКИСТАН
Фархор	Хатлонская	ТАДЖИКИСТАН
Фархорский	Хатлонская	ТАДЖИКИСТАН
Хатлон	Хатлонская	ТАДЖИКИСТАН
Ховалинг	Хатлонская	ТАДЖИКИСТАН
Душанбе	Шохмансур	ТАДЖИКИСТАН
Андажан	Андижанская	УЗБЕКИСТАН
Шахрихан	Андижанская	УЗБЕКИСТАН
Бухара	Бухарская область	УЗБЕКИСТАН
Караганда	Казахстан	УЗБЕКИСТАН
Хисорак	Кашкадарьинская	УЗБЕКИСТАН
Зарафшан	Навоийская область	УЗБЕКИСТАН
Навои	Навоийская область	УЗБЕКИСТАН
Учкурган	Наманганская область	УЗБЕКИСТАН
Самарканд	Самаркандская область	УЗБЕКИСТАН
Денау	Сурхандарьинская	УЗБЕКИСТАН
Ташкент	Ташкентская	УЗБЕКИСТАН
Учкурган	Учкурганская	УЗБЕКИСТАН
Аулы	Днепропетровская область	Украина
Днепропетровск	Днепропетровская область	Украина
Донецк	Донецкая область	Украина
Краматорск	Донецкая область	Украина
Макеевка	Донецкая область	Украина
Ольховый	Луганская область	Украина
Николаев	Николаевская	Украина
Симферополь	Республика Крым	Украина
Конотоп	Сумская	Украина
Трез Риос	Рио-де-Жанейро	Федеративная Республика Бразилия
Берлин	Федеративная Республика Германия	Федеративная Республика Германия