Поти;Самегрело-Земосванети;Грузия
Астана;Акмолинская;КАЗАХСТАН
Атбасар;Акмолинская;КАЗАХСТАН
Державинск;Акмолинская;КАЗАХСТАН
Домбыралы;Акмолинская;КАЗАХСТАН
Есиль;Акмолинская;КАЗАХСТАН
Жаксынский жаксы;Акмолинская;КАЗАХСТАН
Зеренда;Акмолинская;КАЗАХСТАН
Кокшетау;Акмолинская;КАЗАХСТАН
Красный Яр;Акмолинская;КАЗАХСТАН
Макинск;Акмолинская;КАЗАХСТАН
Максимовка;Акмолинская;КАЗАХСТАН
Степногорск;Акмолинская;КАЗАХСТАН
Степногрск;Акмолинская;КАЗАХСТАН
Щучинск;Акмолинская;КАЗАХСТАН
Актобе;Актюбинская;КАЗАХСТАН
Алма-Ата;Алматинская;КАЗАХСТАН
Алматы;Алматинская;КАЗАХСТАН
Алматы;Алматы;КАЗАХСТАН
Зыряновск;Восточно-Казахстанская;КАЗАХСТАН
Усть-Каменогорск;Восточно-Казахстанская;КАЗАХСТАН
Бауыржан-Момышулы;Жамбылская область;КАЗАХСТАН
Кушум;Западно-Казахстанская;КАЗАХСТАН
Караганда;Карагандинская;КАЗАХСТАН
Темиртау;Карагандинская;КАЗАХСТАН
Г.костанай;Костанай;КАЗАХСТАН
Рудный;Костанай;КАЗАХСТАН
Арка;Костанайская;КАЗАХСТАН
Аркалык;Костанайская;КАЗАХСТАН
Аулиеколь;Костанайская;КАЗАХСТАН
Бестобе;Костанайская;КАЗАХСТАН
Боровское;Костанайская;КАЗАХСТАН
Глазуновка;Костанайская;КАЗАХСТАН
Жарколь;Костанайская;КАЗАХСТАН
Житикара;Костанайская;КАЗАХСТАН
Заречное;Костанайская;КАЗАХСТАН
Затобольск;Костанайская;КАЗАХСТАН
Караменды;Костанайская;КАЗАХСТАН
Карасу;Костанайская;КАЗАХСТАН
Каскат;Костанайская;КАЗАХСТАН
Костанай;Костанайская;КАЗАХСТАН
Костонай;Костанайская;КАЗАХСТАН
Кустанай;Костанайская;КАЗАХСТАН
Лисаковск;Костанайская;КАЗАХСТАН
Лисаковский;Костанайская;КАЗАХСТАН
Майское;Костанайская;КАЗАХСТАН
Михайловка;Костанайская;КАЗАХСТАН
Мичурино;Костанайская;КАЗАХСТАН
Молодежное;Костанайская;КАЗАХСТАН
Октябрьский;Костанайская;КАЗАХСТАН
П.Сарыколь;Костанайская;КАЗАХСТАН
Рудный;Костанайская;КАЗАХСТАН
С.Сарыколь;Костанайская;КАЗАХСТАН
Сарыколь;Костанайская;КАЗАХСТАН
Суворово;Костанайская;КАЗАХСТАН
Шолаксай;Костанайская;КАЗАХСТАН
Лисаковск;Костанайская облость;КАЗАХСТАН
Карабалык;КостанайскаяКарабалыкскийпоселок Карабалык;КАЗАХСТАН
Койбагар;КостанайскаяКарасуский;КАЗАХСТАН
Костанай;КостанайскаяКостанайский;КАЗАХСТАН
Костанай;Костанайскя;КАЗАХСТАН
Рудный;Костонайская;КАЗАХСТАН
Кустанай;Кустанай;КАЗАХСТАН
Заречный;Кустанайская;КАЗАХСТАН
Лисаковск;Кустанайская;КАЗАХСТАН
Кызылорда;Кызылординская;КАЗАХСТАН
Экибастуз;Павлодарская;КАЗАХСТАН
Ленинградское;Северо-Казахстанская;КАЗАХСТАН
Мамлютка;Северо-Казахстанская;КАЗАХСТАН
Новоишимское;Северо-Казахстанская;КАЗАХСТАН
Петропавловск;Северо-Казахстанская;КАЗАХСТАН
Петропаловск;Северо-Казахстанская;КАЗАХСТАН
Тайынша;Северо-Казахстанская;КАЗАХСТАН
Чистовское;Северо-Казахстанская;КАЗАХСТАН
Чистополье;Северо-Казахстанская;КАЗАХСТАН
Алматы;Южно-Казахстанская;КАЗАХСТАН
Туркестан;Южно-Казахстанская;КАЗАХСТАН
АНДАРАК;Баткенская;КИРГИЗИЯ
Кадамжай;Баткенская;КИРГИЗИЯ
Кадамжайский;Баткенская;КИРГИЗИЯ
Кара-Добо;Баткенская;КИРГИЗИЯ
Кок-Талаа;Баткенская;КИРГИЗИЯ
Кызыл Кыя;Баткенская;КИРГИЗИЯ
Кызыл-Кыя;Баткенская;КИРГИЗИЯ
Лейлек;Баткенская;КИРГИЗИЯ
Бишкек;Бишкекская;КИРГИЗИЯ
Ала-Бука;Жалал-Абадская;КИРГИЗИЯ
Базар коргон;Жалал-Абадская;КИРГИЗИЯ
Жалал Абад;Жалал-Абадская;КИРГИЗИЯ
Каныш-Кыя;Жалал-Абадская;КИРГИЗИЯ
Кербен;Жалал-Абадская;КИРГИЗИЯ
Кочкор-Ата;Жалал-Абадская;КИРГИЗИЯ
Майлуу-Суу;Жалал-Абадская;КИРГИЗИЯ
Ноокен;Жалал-Абадская;КИРГИЗИЯ
Саргата;Жалал-Абадская;КИРГИЗИЯ
Сузак;Жалал-Абадская;КИРГИЗИЯ
Токтогул;Жалал-Абадская;КИРГИЗИЯ
Балыкчы;Иссык-Кульская;КИРГИЗИЯ
Боз-Булун;Иссык-Кульская;КИРГИЗИЯ
Бостери;Иссык-Кульская;КИРГИЗИЯ
Каракол;Иссык-Кульская;КИРГИЗИЯ
Корумду;Иссык-Кульская;КИРГИЗИЯ
Михайловка;Иссык-Кульская;КИРГИЗИЯ
Ат Башы;Нарын;КИРГИЗИЯ
Калинин;Нарын;КИРГИЗИЯ
КОЧКОР;Нарын;КИРГИЗИЯ
Нарын;Нарын;КИРГИЗИЯ
Мин-булак;Нарынская;КИРГИЗИЯ
Манас-Ата;Ошская;КИРГИЗИЯ
Мурдаш;Ошская;КИРГИЗИЯ
Ноокат;Ошская;КИРГИЗИЯ
Ош;Ошская;КИРГИЗИЯ
Уч коргон;Талас;КИРГИЗИЯ
Акжар;Таласская;КИРГИЗИЯ
КЕНЕШ;Таласская;КИРГИЗИЯ
Копуро-Базар;Таласская;КИРГИЗИЯ
Манас;Таласская;КИРГИЗИЯ
Талас;Таласская;КИРГИЗИЯ
Бишкек;Чуй;КИРГИЗИЯ
Байтик;Чуйская;КИРГИЗИЯ
Бала-Айылчы;Чуйская;КИРГИЗИЯ
Белводское;Чуйская;КИРГИЗИЯ
Беловодское;Чуйская;КИРГИЗИЯ
Вознесеновка;Чуйская;КИРГИЗИЯ
Жаны Пахта;Чуйская;КИРГИЗИЯ
Карагай-Булак;Чуйская;КИРГИЗИЯ
Кепер-Арык;Чуйская;КИРГИЗИЯ
Кок-жар;Чуйская;КИРГИЗИЯ
Кошой;Чуйская;КИРГИЗИЯ
Мраморное село;Чуйская;КИРГИЗИЯ
Нижне-Чуйск;Чуйская;КИРГИЗИЯ
Сокулук;Чуйская;КИРГИЗИЯ
Темен-Суу;Чуйская;КИРГИЗИЯ
Токмок;Чуйская;КИРГИЗИЯ
Фёдоровка;Чуйская;КИРГИЗИЯ
Чон-Арык;Чуйская;КИРГИЗИЯ
Чуй;Чуйская;КИРГИЗИЯ
Шопоков;Чуйская;КИРГИЗИЯ
Баотоу;Внутренняя Монголия;КИТАЙ
Байинь;Гансу;КИТАЙ
Ланчжоу;Гансу;КИТАЙ
Хэцзо;Ганьсу;КИТАЙ
Чжуншань;Гуандун;КИТАЙ
Шаньтоу;Гуандун;КИТАЙ
Цзуньи;Гуйчжоу;КИТАЙ
Цяньха;Гуйчжоу;КИТАЙ
Далянь;Ляонин;КИТАЙ
Наньван;Првинция Аньхой;КИТАЙ
район Комсомольское освоение земель для с/х;Провиниция Хэйлунцзян;КИТАЙ
Жичжао;Провинция  Шаньдун;КИТАЙ
Мэйшань;Провинция Аньхой;КИТАЙ
Хунъян;Провинция Аньхой;КИТАЙ
Харбин;Провинция Хэйлунцзян;КИТАЙ
Аньян;Провинция Хэнань;КИТАЙ
Ганъу;Провинция Хэнань;КИТАЙ
Дэнчжоу;Провинция Хэнань;КИТАЙ
Кайфэн;Провинция Хэнань;КИТАЙ
Линбао;Провинция Хэнань;КИТАЙ
Наньян;Провинция Хэнань;КИТАЙ
Синьсян;Провинция Хэнань;КИТАЙ
Синьчжэн;Провинция Хэнань;КИТАЙ
Чжанцзя;Провинция Хэнань;КИТАЙ
Чжумадянь;Провинция Хэнань;КИТАЙ
Урумчи;Синьцзян-Уйгурский;КИТАЙ
Хэнань;Синьцзян-Уйгурский;КИТАЙ
Ухань;Хубэй;КИТАЙ
Баодин;Хэбэй;КИТАЙ
Шицзячжан;Хэбэй;КИТАЙ
Дацзян;Хэйлунцзян;КИТАЙ
Дацин;Хэйлунцзян;КИТАЙ
Муданьцзян;Хэйлунцзян;КИТАЙ
Суйфэньхэ;Хэйлунцзян;КИТАЙ
Хэйхэ;Хэйлунцзян;КИТАЙ
Цициуар;Хэйлунцзян;КИТАЙ
Даньчэн;Хэнань;КИТАЙ
Лохэ;Хэнань;КИТАЙ
Пиндиньшань;Хэнань;КИТАЙ
Пуян;Хэнань;КИТАЙ
Сюйчан;Хэнань;КИТАЙ
Хуайхуа;Хэнань;КИТАЙ
Циньян;Хэнань;КИТАЙ
Чангэ;Хэнань;КИТАЙ
Чанша;Хэнань;КИТАЙ
Чжэн Чжоу;Хэнань;КИТАЙ
Чжэнчжоу;Хэнань;КИТАЙ
Чанчунь;Цзилинь;КИТАЙ
Чанчунь;Чанчунь чаоян;КИТАЙ
Юецзин;Чжэцян;КИТАЙ
Дуннин;Шаньдун;КИТАЙ
Циндао;Шаньдун;КИТАЙ
Линши;Шаньси;КИТАЙ
Сиань;Шаньси;КИТАЙ
Тайюань;Шаньси;КИТАЙ
Кишинев;Кишинев;МОЛДОВА
Дархан;Дархан аймак;Монголия
Улан-Батор;Монголия;Монголия
Гудаута;Абхазия;Республика Абхазия
Лыхны;Абхазия;Республика Абхазия
Сухум;Абхазия;Республика Абхазия
Ткуарчал;Абхазия;Республика Абхазия
Беюк;Огузский;Республика Азербайджан
Беюк Союдлы;Огузский;Республика Азербайджан
Ереван;Армавирская;Республика Армения
Арцни;Лори;Республика Армения
Гомель;Гомельская;Республика Беларусь
Сулеймания;Курдистан;Республика Ирак
Пичинча;Чимборасо;Республика Эквадор
Барнаул;Алтайский;Российская Федерация
Бийск;Алтайский;Российская Федерация
Горно-Алтайск;Алтайский;Российская Федерация
Майма;Алтайский;Российская Федерация
Рубцовск;Алтайский;Российская Федерация
Шипуново;Алтайский;Российская Федерация
Белогорск;Амурская;Российская Федерация
Благовещенск;Амурская;Российская Федерация
Восточный;Амурская;Российская Федерация
Прогресс;Амурская;Российская Федерация
Райчихинск;Амурская;Российская Федерация
Сковородино;Амурская;Российская Федерация
Тында;Амурская;Российская Федерация
Чигири;Амурская;Российская Федерация
Котлас;Архангельская (Ненецкий АО);Российская Федерация
Яренск;Архангельская (Ненецкий АО);Российская Федерация
Астрахань;Астраханская;Российская Федерация
Агидель;Башкортостан;Российская Федерация
Аксаитово;Башкортостан;Российская Федерация
Аксаитовский;Башкортостан;Российская Федерация
Акъярский;Башкортостан;Российская Федерация
Алегазово;Башкортостан;Российская Федерация
Алегазовский;Башкортостан;Российская Федерация
Арбашево;Башкортостан;Российская Федерация
Арлан;Башкортостан;Российская Федерация
Аскарово;Башкортостан;Российская Федерация
Аскино;Башкортостан;Российская Федерация
Аскинский;Башкортостан;Российская Федерация
Ахуново;Башкортостан;Российская Федерация
Баймак;Башкортостан;Российская Федерация
Бедеево-Полянский;Башкортостан;Российская Федерация
Белебей;Башкортостан;Российская Федерация
Белорецк;Башкортостан;Российская Федерация
Бирск;Башкортостан;Российская Федерация
Благовещенск;Башкортостан;Российская Федерация
Большая Ока;Башкортостан;Российская Федерация
Большекачаково;Башкортостан;Российская Федерация
Большекачаковский;Башкортостан;Российская Федерация
Большеустьикинский;Башкортостан;Российская Федерация
Большеустьикинское;Башкортостан;Российская Федерация
Буздяк;Башкортостан;Российская Федерация
Бураевский;Башкортостан;Российская Федерация
Бурибаевский;Башкортостан;Российская Федерация
Бурибай;Башкортостан;Российская Федерация
Верхнекудашево;Башкортостан;Российская Федерация
Верхние Татышлы;Башкортостан;Российская Федерация
Верхний Авзян;Башкортостан;Российская Федерация
Верховонданское;Башкортостан;Российская Федерация
Городокский;Башкортостан;Российская Федерация
Гражданцевский;Башкортостан;Российская Федерация
Давлеканово;Башкортостан;Российская Федерация
Дмитриевка;Башкортостан;Российская Федерация
Евбулякский;Башкортостан;Российская Федерация
Еланлино;Башкортостан;Российская Федерация
Емаши;Башкортостан;Российская Федерация
Железнодорожный;Башкортостан;Российская Федерация
Ивановское МО;Башкортостан;Российская Федерация
Инзерский;Башкортостан;Российская Федерация
Искитим;Башкортостан;Российская Федерация
Исянгулово;Башкортостан;Российская Федерация
Исянгуловский;Башкортостан;Российская Федерация
Ишимбай;Башкортостан;Российская Федерация
Калтасинский;Башкортостан;Российская Федерация
Калтасы;Башкортостан;Российская Федерация
Караидель;Башкортостан;Российская Федерация
Караидельский;Башкортостан;Российская Федерация
Карлыханово;Башкортостан;Российская Федерация
Карткисяк;Башкортостан;Российская Федерация
Качкинтурай;Башкортостан;Российская Федерация
Киселевск;Башкортостан;Российская Федерация
Коныпское;Башкортостан;Российская Федерация
Краснокамский;Башкортостан;Российская Федерация
Красноусольский;Башкортостан;Российская Федерация
Краснохолмский;Башкортостан;Российская Федерация
Кумертау;Башкортостан;Российская Федерация
Кусимовский рудник;Башкортостан;Российская Федерация
Кутерем;Башкортостан;Российская Федерация
Ломовка;Башкортостан;Российская Федерация
Малояз;Башкортостан;Российская Федерация
Межгорье;Башкортостан;Российская Федерация
Мелеуз;Башкортостан;Российская Федерация
Месягутово;Башкортостан;Российская Федерация
Месягутовский;Башкортостан;Российская Федерация
Метелинский;Башкортостан;Российская Федерация
Мокрецовское;Башкортостан;Российская Федерация
Мраково;Башкортостан;Российская Федерация
Неполодское;Башкортостан;Российская Федерация
Нефтекамск;Башкортостан;Российская Федерация
Нижнее Бобино;Башкортостан;Российская Федерация
Нижнекаменский;Башкортостан;Российская Федерация
Нижние Киги;Башкортостан;Российская Федерация
Николо-Березовка;Башкортостан;Российская Федерация
Николо-Березовский;Башкортостан;Российская Федерация
Новая Отрадовка;Башкортостан;Российская Федерация
Новобелокатай;Башкортостан;Российская Федерация
Новобелокатайский;Башкортостан;Российская Федерация
Октябрьский;Башкортостан;Российская Федерация
Петровский;Башкортостан;Российская Федерация
Приютово;Башкортостан;Российская Федерация
Раевский;Башкортостан;Российская Федерация
Салават;Башкортостан;Российская Федерация
Салаватский;Башкортостан;Российская Федерация
Сальевский;Башкортостан;Российская Федерация
Сандугач;Башкортостан;Российская Федерация
Серафимовский;Башкортостан;Российская Федерация
Серменево;Башкортостан;Российская Федерация
Сибай;Башкортостан;Российская Федерация
Сикиязский;Башкортостан;Российская Федерация
Стерлитамак;Башкортостан;Российская Федерация
Субханкуловский;Башкортостан;Российская Федерация
Сусады-Эбалан;Башкортостан;Российская Федерация
Тайняшевский;Башкортостан;Российская Федерация
Тастуба;Башкортостан;Российская Федерация
Тирлянский;Башкортостан;Российская Федерация
Туймазы;Башкортостан;Российская Федерация
ТУКАН;Башкортостан;Российская Федерация
Туканский;Башкортостан;Российская Федерация
Уральск;Башкортостан;Российская Федерация
Уфа;Башкортостан;Российская Федерация
Учалинский;Башкортостан;Российская Федерация
Учалы;Башкортостан;Российская Федерация
Чекмагуш;Башкортостан;Российская Федерация
Юнусово;Башкортостан;Российская Федерация
Явгильдинский;Башкортостан;Российская Федерация
Янаул;Башкортостан;Российская Федерация
Ярославка;Башкортостан;Российская Федерация
Белгород;Белгородская;Российская Федерация
Валуйки;Белгородская;Российская Федерация
Никольское;Белгородская;Российская Федерация
Северный;Белгородская;Российская Федерация
Старый Оскол;Белгородская;Российская Федерация
Строитель;Белгородская;Российская Федерация
Брянск;Брянская;Российская Федерация
Гусиноозерск;Бурятия;Российская Федерация
Иволгинск;Бурятия;Российская Федерация
Курумкан;Бурятия;Российская Федерация
Кяхта;Бурятия;Российская Федерация
Онохой;Бурятия;Российская Федерация
Северобайкальск;Бурятия;Российская Федерация
Селенгинский;Бурятия;Российская Федерация
Сосново-Озёрское;Бурятия;Российская Федерация
Таксимо;Бурятия;Российская Федерация
Улан-Удэ;Бурятия;Российская Федерация
Шигаево;Бурятия;Российская Федерация
Владимир;Владимирская;Российская Федерация
Гусь-Хрустальный;Владимирская;Российская Федерация
Ковров;Владимирская;Российская Федерация
Волгоград;Волгоградская;Российская Федерация
Волжский;Волгоградская;Российская Федерация
Жирновск;Волгоградская;Российская Федерация
Камышин;Волгоградская;Российская Федерация
Великий Устюг;Вологодская;Российская Федерация
Нюксеница;Вологодская;Российская Федерация
Тотьма;Вологодская;Российская Федерация
Череповец;Вологодская;Российская Федерация
Юбилейный;Вологодская;Российская Федерация
Борисоглебск;Воронежская;Российская Федерация
Воронеж;Воронежская;Российская Федерация
Семилуки;Воронежская;Российская Федерация
Дербент;Дагестан;Российская Федерация
Каспийск;Дагестан;Российская Федерация
Хурик;Дагестан;Российская Федерация
Биракан;Еврейская автономная;Российская Федерация
Биробиджан;Еврейская автономная;Российская Федерация
Ленинское;Еврейская автономная;Российская Федерация
Агинское;Забайкальский;Российская Федерация
Дульдурга;Забайкальский;Российская Федерация
Карымское;Забайкальский;Российская Федерация
Краснокаменск;Забайкальский;Российская Федерация
Приаргунск;Забайкальский;Российская Федерация
Чернышевск;Забайкальский;Российская Федерация
Чита;Забайкальский;Российская Федерация
Шерловая Гора;Забайкальский;Российская Федерация
Иваново;Ивановская;Российская Федерация
Магас;Ингушетия;Российская Федерация
Малгобек;Ингушетия;Российская Федерация
Сунжа;Ингушетия;Российская Федерация
Ангарск;Иркутская;Российская Федерация
Братск;Иркутская;Российская Федерация
Железногорск-Илимский;Иркутская;Российская Федерация
Зима;Иркутская;Российская Федерация
Иркутск;Иркутская;Российская Федерация
Молодежный;Иркутская;Российская Федерация
Нижнеудинск;Иркутская;Российская Федерация
Слюдянка;Иркутская;Российская Федерация
Усть-Илимск;Иркутская;Российская Федерация
Усть-Кут;Иркутская;Российская Федерация
Шелехов;Иркутская;Российская Федерация
Прохладный;Кабардино-Балкарская;Российская Федерация
Калуга;Калужская;Российская Федерация
Обнинск;Калужская;Российская Федерация
Вилючинск;Камчатский;Российская Федерация
Черкесск;Карачаево-Черкесская;Российская Федерация
Костомукша;Карелия;Российская Федерация
Анжеро-Судженск;Кемеровская;Российская Федерация
Белово;Кемеровская;Российская Федерация
Восходящий;Кемеровская;Российская Федерация
Итатский;Кемеровская;Российская Федерация
Калтан;Кемеровская;Российская Федерация
Кемерово;Кемеровская;Российская Федерация
Краснобродский;Кемеровская;Российская Федерация
Ленинск-Кузнецкий;Кемеровская;Российская Федерация
Мазурово;Кемеровская;Российская Федерация
Междуреченск;Кемеровская;Российская Федерация
Новокузнецк;Кемеровская;Российская Федерация
Прокопьевск;Кемеровская;Российская Федерация
Юрга;Кемеровская;Российская Федерация
Яя;Кемеровская;Российская Федерация
Вятские Поляны;Кировская;Российская Федерация
Зуевка;Кировская;Российская Федерация
Киров;Кировская;Российская Федерация
Кирово-Чепецк;Кировская;Российская Федерация
Кирс;Кировская;Российская Федерация
Котельнич;Кировская;Российская Федерация
Красная Поляна;Кировская;Российская Федерация
Лойно;Кировская;Российская Федерация
Лянгасово;Кировская;Российская Федерация
Малмыж;Кировская;Российская Федерация
Мураши;Кировская;Российская Федерация
Омутнинск;Кировская;Российская Федерация
Пеньки;Кировская;Российская Федерация
Рудничное городское поселение;Кировская;Российская Федерация
Рудничный;Кировская;Российская Федерация
Слободской;Кировская;Российская Федерация
Советск;Кировская;Российская Федерация
Суна;Кировская;Российская Федерация
Уржум;Кировская;Российская Федерация
Яранск;Кировская;Российская Федерация
Визинга;Коми;Российская Федерация
Воркута;Коми;Российская Федерация
Зеленец;Коми;Российская Федерация
Кажым;Коми;Российская Федерация
Койгородок;Коми;Российская Федерация
Кослан;Коми;Российская Федерация
Объячево;Коми;Российская Федерация
Печора;Коми;Российская Федерация
Помоздино;Коми;Российская Федерация
Сыктывкар;Коми;Российская Федерация
Усинск;Коми;Российская Федерация
Ухта;Коми;Российская Федерация
Чиньяворык;Коми;Российская Федерация
Кострома;Костромская;Российская Федерация
Абинск;Краснодарский;Российская Федерация
Анапа;Краснодарский;Российская Федерация
Армавир;Краснодарский;Российская Федерация
Горячий Ключ;Краснодарский;Российская Федерация
Ейск;Краснодарский;Российская Федерация
Краснодар;Краснодарский;Российская Федерация
Красносельское;Краснодарский;Российская Федерация
Крымск;Краснодарский;Российская Федерация
Курганинск;Краснодарский;Российская Федерация
Лабинск;Краснодарский;Российская Федерация
Новороссийск;Краснодарский;Российская Федерация
Павловская;Краснодарский;Российская Федерация
Павловский;Краснодарский;Российская Федерация
Полтавская;Краснодарский;Российская Федерация
Приморско-Ахтарск;Краснодарский;Российская Федерация
Славянск-на-Кубани;Краснодарский;Российская Федерация
Сочи;Краснодарский;Российская Федерация
Туапсе;Краснодарский;Российская Федерация
Усть-Лабинск;Краснодарский;Российская Федерация
Ачинск;Красноярский;Российская Федерация
Березовка;Красноярский;Российская Федерация
Дивногорск;Красноярский;Российская Федерация
Диксон;Красноярский;Российская Федерация
Железногорск;Красноярский;Российская Федерация
Красноярск;Красноярский;Российская Федерация
Минусинск;Красноярский;Российская Федерация
Норильск;Красноярский;Российская Федерация
Снежногорск;Красноярский;Российская Федерация
Солнечный;Красноярский;Российская Федерация
Сосновоборск;Красноярский;Российская Федерация
Шарыпово;Красноярский;Российская Федерация
Севастополь;Крым;Российская Федерация
2-й;Курганская;Российская Федерация
5-й;Курганская;Российская Федерация
Актабан;Курганская;Российская Федерация
Белозерское;Курганская;Российская Федерация
Варгаши;Курганская;Российская Федерация
Введенское;Курганская;Российская Федерация
Глядянское;Курганская;Российская Федерация
Далматово;Курганская;Российская Федерация
Звериноголовское;Курганская;Российская Федерация
Иковка;Курганская;Российская Федерация
Камаган;Курганская;Российская Федерация
Канаши;Курганская;Российская Федерация
Каргаполье;Курганская;Российская Федерация
Катайск;Курганская;Российская Федерация
Кетово;Курганская;Российская Федерация
Ключи;Курганская;Российская Федерация
Красная Звезда;Курганская;Российская Федерация
Красномыльское;Курганская;Российская Федерация
Курган;Курганская;Российская Федерация
Куртамыш;Курганская;Российская Федерация
Лебяжье;Курганская;Российская Федерация
Лесниково;Курганская;Российская Федерация
Майский;Курганская;Российская Федерация
Мехонское;Курганская;Российская Федерация
Мишкино;Курганская;Российская Федерация
Нижнеполевское;Курганская;Российская Федерация
Новопетропавловское;Курганская;Российская Федерация
Песчано-Коледино;Курганская;Российская Федерация
Петухово;Курганская;Российская Федерация
Пименовка;Курганская;Российская Федерация
Садовое;Курганская;Российская Федерация
Сафакулево;Курганская;Российская Федерация
Светлый Дол;Курганская;Российская Федерация
Сухоборское;Курганская;Российская Федерация
Труд и Знание;Курганская;Российская Федерация
Уксянское;Курганская;Российская Федерация
Целинное;Курганская;Российская Федерация
Чащи;Курганская;Российская Федерация
Шадринск;Курганская;Российская Федерация
Шатрово;Курганская;Российская Федерация
Широковское;Курганская;Российская Федерация
Шумиха;Курганская;Российская Федерация
Юргамыш;Курганская;Российская Федерация
Курск;Курская;Российская Федерация
Кириши;Ленинградская;Российская Федерация
Грязи;Липецкая;Российская Федерация
Елец;Липецкая;Российская Федерация
Липецк;Липецкая;Российская Федерация
Магадан;Магаданская;Российская Федерация
Йошкар-Ола;Марий Эл;Российская Федерация
Низовка;Мордовия;Российская Федерация
Москва;Москва;Российская Федерация
Московский;Москва;Российская Федерация
Балашиха;Московская;Российская Федерация
Кораллово;Московская;Российская Федерация
Королев;Московская;Российская Федерация
Красная Пойма;Московская;Российская Федерация
Лобня;Московская;Российская Федерация
Люберцы;Московская;Российская Федерация
Малаховка;Московская;Российская Федерация
Москва;Московская;Российская Федерация
Одинцово;Московская;Российская Федерация
Химки;Московская;Российская Федерация
Верхнетуломский;Мурманская;Российская Федерация
Мурманск;Мурманская;Российская Федерация
Дзержинск;Нижегородская;Российская Федерация
Нижний Новгород;Нижегородская;Российская Федерация
Бердск;Новосибирская;Российская Федерация
Краснозерское;Новосибирская;Российская Федерация
Краснообск;Новосибирская;Российская Федерация
Купино;Новосибирская;Российская Федерация
Новосибирск;Новосибирская;Российская Федерация
Татарск;Новосибирская;Российская Федерация
Тогучин;Новосибирская;Российская Федерация
Большегривское;Омская;Российская Федерация
Исилькуль;Омская;Российская Федерация
Любинский;Омская;Российская Федерация
Москаленки;Омская;Российская Федерация
Омск;Омская;Российская Федерация
Тара;Омская;Российская Федерация
Адамовка;Оренбургская;Российская Федерация
Бердянка;Оренбургская;Российская Федерация
Бугуруслан;Оренбургская;Российская Федерация
Бузулук;Оренбургская;Российская Федерация
Гай;Оренбургская;Российская Федерация
Горьковское;Оренбургская;Российская Федерация
Домбаровский;Оренбургская;Российская Федерация
Донское;Оренбургская;Российская Федерация
Елизаветинка;Оренбургская;Российская Федерация
ЗАТО Комаровский;Оренбургская;Российская Федерация
Зиянчурино;Оренбургская;Российская Федерация
Кваркено;Оренбургская;Российская Федерация
Комсомольский;Оренбургская;Российская Федерация
Красночабанский;Оренбургская;Российская Федерация
Красноярский;Оренбургская;Российская Федерация
Кубанка село;Оренбургская;Российская Федерация
Кувандык;Оренбургская;Российская Федерация
Майский;Оренбургская;Российская Федерация
Марксовский;Оренбургская;Российская Федерация
Медногорск;Оренбургская;Российская Федерация
Новоорск;Оренбургская;Российская Федерация
Новосергиевка;Оренбургская;Российская Федерация
Новотроицк;Оренбургская;Российская Федерация
Новотроицкое;Оренбургская;Российская Федерация
Оренбург;Оренбургская;Российская Федерация
Орск;Оренбургская;Российская Федерация
Ростоши;Оренбургская;Российская Федерация
Саракташ;Оренбургская;Российская Федерация
Соль-Илецк;Оренбургская;Российская Федерация
Сорочинск;Оренбургская;Российская Федерация
Ташла;Оренбургская;Российская Федерация
Теренсай;Оренбургская;Российская Федерация
Тоцкое;Оренбургская;Российская Федерация
Тоцкое Второе;Оренбургская;Российская Федерация
Тукай;Оренбургская;Российская Федерация
Тюльган;Оренбургская;Российская Федерация
Уртазым;Оренбургская;Российская Федерация
Экспериментальный;Оренбургская;Российская Федерация
Энергетик;Оренбургская;Российская Федерация
Ясный;Оренбургская;Российская Федерация
Березовка;Пензенская;Российская Федерация
Пенза;Пензенская;Российская Федерация
1 Мая;Пермский;Российская Федерация
Александровск;Пермский;Российская Федерация
Атнягузи;Пермский;Российская Федерация
Березники;Пермский;Российская Федерация
Березовка;Пермский;Российская Федерация
Большие Кусты;Пермский;Российская Федерация
Верещагино;Пермский;Российская Федерация
Вознесенское;Пермский;Российская Федерация
Гамово;Пермский;Российская Федерация
Горнозаводск;Пермский;Российская Федерация
Городище;Пермский;Российская Федерация
Гремячинск;Пермский;Российская Федерация
Губаха;Пермский;Российская Федерация
Добрянка;Пермский;Российская Федерация
Елово;Пермский;Российская Федерация
Ергач;Пермский;Российская Федерация
Звездный;Пермский;Российская Федерация
Ильинский;Пермский;Российская Федерация
Калинино;Пермский;Российская Федерация
Карабаи;Пермский;Российская Федерация
Кизел;Пермский;Российская Федерация
Ключи;Пермский;Российская Федерация
Комсомольский;Пермский;Российская Федерация
Кондратово;Пермский;Российская Федерация
Кочево;Пермский;Российская Федерация
Красновишерск;Пермский;Российская Федерация
Краснокамск;Пермский;Российская Федерация
Красный Ясыл;Пермский;Российская Федерация
Кудымкар;Пермский;Российская Федерация
Куеда;Пермский;Российская Федерация
Кунгур;Пермский;Российская Федерация
Ленск;Пермский;Российская Федерация
Лобаново;Пермский;Российская Федерация
Лысьва;Пермский;Российская Федерация
Майский;Пермский;Российская Федерация
Менделеево;Пермский;Российская Федерация
Нытва;Пермский;Российская Федерация
Октябрьский;Пермский;Российская Федерация
Октябрьское;Пермский;Российская Федерация
Орда;Пермский;Российская Федерация
Оса;Пермский;Российская Федерация
Осинцево;Пермский;Российская Федерация
Оханск;Пермский;Российская Федерация
Очер;Пермский;Российская Федерация
Очерск;Пермский;Российская Федерация
Ошья;Пермский;Российская Федерация
Паршакова;Пермский;Российская Федерация
Пермь;Пермский;Российская Федерация
Платошино;Пермский;Российская Федерация
Плеханово;Пермский;Российская Федерация
Пожва;Пермский;Российская Федерация
Полазна;Пермский;Российская Федерация
Прикамский;Пермский;Российская Федерация
Родники;Пермский;Российская Федерация
Сарс;Пермский;Российская Федерация
Сепыч;Пермский;Российская Федерация
Сива;Пермский;Российская Федерация
Соликамск;Пермский;Российская Федерация
Суксун;Пермский;Российская Федерация
Сылва;Пермский;Российская Федерация
Теплая гора;Пермский;Российская Федерация
Уинское;Пермский;Российская Федерация
Уральский;Пермский;Российская Федерация
Усть-Качка;Пермский;Российская Федерация
Усть-Кишерть;Пермский;Российская Федерация
Фоки;Пермский;Российская Федерация
Чайковский;Пермский;Российская Федерация
Чердынь;Пермский;Российская Федерация
Чермоз;Пермский;Российская Федерация
Чернушка;Пермский;Российская Федерация
Чусовой;Пермский;Российская Федерация
Щучье Озеро;Пермский;Российская Федерация
Юрла;Пермский;Российская Федерация
Яйва;Пермский;Российская Федерация
Владивосток;Приморский;Российская Федерация
Дальнереченск;Приморский;Российская Федерация
Находка;Приморский;Российская Федерация
Партизанск;Приморский;Российская Федерация
Уссурийск;Приморский;Российская Федерация
Хороль;Приморский;Российская Федерация
Чугуевка;Приморский;Российская Федерация
Малояз;РБ Салаватский;Российская Федерация
Батайск;Ростовская;Российская Федерация
Белая Калитва;Ростовская;Российская Федерация
Волгодонск;Ростовская;Российская Федерация
Егорлыкская;Ростовская;Российская Федерация
Елизаветовка;Ростовская;Российская Федерация
Каменск-Шахтинский;Ростовская;Российская Федерация
Новочеркасск;Ростовская;Российская Федерация
Ростов-на-Дону;Ростовская;Российская Федерация
Таганрог;Ростовская;Российская Федерация
Рязань;Рязанская;Российская Федерация
Жигулевск;Самарская;Российская Федерация
Самара;Самарская;Российская Федерация
Сызрань;Самарская;Российская Федерация
Тольятти;Самарская;Российская Федерация
Санкт-Петербург;Санкт-Петербург;Российская Федерация
Аркадак;Саратовская;Российская Федерация
Балаково;Саратовская;Российская Федерация
Калининск;Саратовская;Российская Федерация
Маркс;Саратовская;Российская Федерация
Саратов;Саратовская;Российская Федерация
Шиханы;Саратовская;Российская Федерация
Энгельс;Саратовская;Российская Федерация
Алдан;Саха (Якутия);Российская Федерация
Борогонцы;Саха (Якутия);Российская Федерация
Вилюйск;Саха (Якутия);Российская Федерация
Витим;Саха (Якутия);Российская Федерация
Ленск;Саха (Якутия);Российская Федерация
Нерюнгри;Саха (Якутия);Российская Федерация
Пеледуй;Саха (Якутия);Российская Федерация
Сунтар;Саха (Якутия);Российская Федерация
Хатассы;Саха (Якутия);Российская Федерация
Юнкюр;Саха (Якутия);Российская Федерация
Якутск;Саха (Якутия);Российская Федерация
Корсаков;Сахалинская;Российская Федерация
Невельск;Сахалинская;Российская Федерация
Смирных;Сахалинская;Российская Федерация
Южно-Сахалинск;Сахалинская;Российская Федерация
Азанка;Свердловская;Российская Федерация
Алапаевск;Свердловская;Российская Федерация
Андриановичи;Свердловская;Российская Федерация
Арамашево;Свердловская;Российская Федерация
Арамиль;Свердловская;Российская Федерация
Артемовский;Свердловская;Российская Федерация
Арти;Свердловская;Российская Федерация
Асбест;Свердловская;Российская Федерация
Асбестовский;Свердловская;Российская Федерация
Атиг;Свердловская;Российская Федерация
Ачит;Свердловская;Российская Федерация
Аятское;Свердловская;Российская Федерация
Байкалово;Свердловская;Российская Федерация
Байны;Свердловская;Российская Федерация
Бакряж;Свердловская;Российская Федерация
Балтым;Свердловская;Российская Федерация
Бараба;Свердловская;Российская Федерация
Баранникова;Свердловская;Российская Федерация
Баранчинский;Свердловская;Российская Федерация
Баранчиский;Свердловская;Российская Федерация
Белокаменный;Свердловская;Российская Федерация
Белоярск;Свердловская;Российская Федерация
Белоярский;Свердловская;Российская Федерация
Березовск;Свердловская;Российская Федерация
Березовский;Свердловская;Российская Федерация
Бисерть;Свердловская;Российская Федерация
Бобровский;Свердловская;Российская Федерация
Богданович;Свердловская;Российская Федерация
Большебрусянское;Свердловская;Российская Федерация
Большое Седельниково;Свердловская;Российская Федерация
Большой Исток;Свердловская;Российская Федерация
Большой Ут;Свердловская;Российская Федерация
Бруснятское;Свердловская;Российская Федерация
Буланаш;Свердловская;Российская Федерация
Быньги;Свердловская;Российская Федерация
Верхнее Дуброво;Свердловская;Российская Федерация
Верх-Нейвинский;Свердловская;Российская Федерация
Верхние Серги;Свердловская;Российская Федерация
Верхний Тагил;Свердловская;Российская Федерация
Верхняя Пышма;Свердловская;Российская Федерация
Верхняя Салда;Свердловская;Российская Федерация
Верхняя Синячиха;Свердловская;Российская Федерация
Верхняя Тура;Свердловская;Российская Федерация
Верхотурье;Свердловская;Российская Федерация
Волковское;Свердловская;Российская Федерация
Волчанск;Свердловская;Российская Федерация
Восточный;Свердловская;Российская Федерация
Гарашкинское;Свердловская;Российская Федерация
Гари;Свердловская;Российская Федерация
Горбуновское;Свердловская;Российская Федерация
Горноуральский;Свердловская;Российская Федерация
Городище;Свердловская;Российская Федерация
Грязновское;Свердловская;Российская Федерация
Двуреченск;Свердловская;Российская Федерация
Дегтярск;Свердловская;Российская Федерация
Дружинино;Свердловская;Российская Федерация
Екатеринбург;Свердловская;Российская Федерация
Зайково;Свердловская;Российская Федерация
Заречный;Свердловская;Российская Федерация
Заря;Свердловская;Российская Федерация
Захаровское;Свердловская;Российская Федерация
Знаменское;Свердловская;Российская Федерация
Ивдель;Свердловская;Российская Федерация
Ирбит;Свердловская;Российская Федерация
Исеть;Свердловская;Российская Федерация
Калиново;Свердловская;Российская Федерация
Калья;Свердловская;Российская Федерация
Каменск-Уральский;Свердловская;Российская Федерация
Камино;Свердловская;Российская Федерация
Камышлов;Свердловская;Российская Федерация
Карпинск;Свердловская;Российская Федерация
Качканар;Свердловская;Российская Федерация
Кашино;Свердловская;Российская Федерация
Кедровка;Свердловская;Российская Федерация
Килачевское;Свердловская;Российская Федерация
Кировград;Свердловская;Российская Федерация
Кировоград;Свердловская;Российская Федерация
Кленовское;Свердловская;Российская Федерация
Ключевая;Свердловская;Российская Федерация
Ключи;Свердловская;Российская Федерация
Колясникова;Свердловская;Российская Федерация
Коптелово;Свердловская;Российская Федерация
Кордюково;Свердловская;Российская Федерация
Костино;Свердловская;Российская Федерация
Кочневское;Свердловская;Российская Федерация
Краснополье;Свердловская;Российская Федерация
Краснотурьинск;Свердловская;Российская Федерация
Красноуральск;Свердловская;Российская Федерация
Красноуфимск;Свердловская;Российская Федерация
Красный;Свердловская;Российская Федерация
Криулино;Свердловская;Российская Федерация
Кузино;Свердловская;Российская Федерация
Курьи;Свердловская;Российская Федерация
Кушва;Свердловская;Российская Федерация
Лая;Свердловская;Российская Федерация
Левиха;Свердловская;Российская Федерация
Лесной;Свердловская;Российская Федерация
Липовское;Свердловская;Российская Федерация
Лобва;Свердловская;Российская Федерация
Лосиный;Свердловская;Российская Федерация
Луговской;Свердловская;Российская Федерация
Лысьва;Свердловская;Российская Федерация
Малышева;Свердловская;Российская Федерация
Маминское;Свердловская;Российская Федерация
Манчаж;Свердловская;Российская Федерация
Мартюш;Свердловская;Российская Федерация
Маслово;Свердловская;Российская Федерация
Махнево;Свердловская;Российская Федерация
Медногорск;Свердловская;Российская Федерация
Мироново;Свердловская;Российская Федерация
Михайловск;Свердловская;Российская Федерация
Монетный;Свердловская;Российская Федерация
Натальинск;Свердловская;Российская Федерация
Невьянск;Свердловская;Российская Федерация
Невьянское;Свердловская;Российская Федерация
Нижнеиргинское;Свердловская;Российская Федерация
Нижние Серги;Свердловская;Российская Федерация
Нижний Тагил;Свердловская;Российская Федерация
Нижняя Салда;Свердловская;Российская Федерация
Нижняя Тура;Свердловская;Российская Федерация
Николо-Павловское;Свердловская;Российская Федерация
Никольское;Свердловская;Российская Федерация
Новая Ляля;Свердловская;Российская Федерация
Новоалексеевское;Свердловская;Российская Федерация
Новоасбест;Свердловская;Российская Федерация
Новоисетское;Свердловская;Российская Федерация
Новопаньшино;Свердловская;Российская Федерация
Новопышминское;Свердловская;Российская Федерация
Новоуральск;Свердловская;Российская Федерация
Новоуткинск;Свердловская;Российская Федерация
Обуховское;Свердловская;Российская Федерация
Октябрьский;Свердловская;Российская Федерация
Останино;Свердловская;Российская Федерация
Пелым;Свердловская;Российская Федерация
Первомайское;Свердловская;Российская Федерация
Первоуральск;Свердловская;Российская Федерация
Пионерский;Свердловская;Российская Федерация
Покровское;Свердловская;Российская Федерация
Полевой;Свердловская;Российская Федерация
Полевской;Свердловская;Российская Федерация
Половинный;Свердловская;Российская Федерация
Полуночное;Свердловская;Российская Федерация
Порошина;Свердловская;Российская Федерация
Порошино;Свердловская;Российская Федерация
Поташка;Свердловская;Российская Федерация
Приданниково;Свердловская;Российская Федерация
Пышма;Свердловская;Российская Федерация
Ревда;Свердловская;Российская Федерация
Реж;Свердловская;Российская Федерация
Рефтинский;Свердловская;Российская Федерация
Речкалова;Свердловская;Российская Федерация
Рудничный;Свердловская;Российская Федерация
Русская Тавра;Свердловская;Российская Федерация
Самара;Свердловская;Российская Федерация
Санкино;Свердловская;Российская Федерация
Сарана;Свердловская;Российская Федерация
Свердловское;Свердловская;Российская Федерация
Свободный;Свердловская;Российская Федерация
Североуральск;Свердловская;Российская Федерация
Серов;Свердловская;Российская Федерация
Слобода-Туринская;Свердловская;Российская Федерация
Совхозный;Свердловская;Российская Федерация
Соликамск;Свердловская;Российская Федерация
Сосновый Бор;Свердловская;Российская Федерация
Сосьва;Свердловская;Российская Федерация
Среднеуральск;Свердловская;Российская Федерация
Средний Бугалыш;Свердловская;Российская Федерация
Старопышминск;Свердловская;Российская Федерация
Староуткинск;Свердловская;Российская Федерация
Стриганское;Свердловская;Российская Федерация
Студенческий;Свердловская;Российская Федерация
Субботина;Свердловская;Российская Федерация
Сухой Лог;Свердловская;Российская Федерация
Сысерть;Свердловская;Российская Федерация
Таборы;Свердловская;Российская Федерация
Тавда;Свердловская;Российская Федерация
Талица;Свердловская;Российская Федерация
Талицкий;Свердловская;Российская Федерация
Тарасково;Свердловская;Российская Федерация
Травянское;Свердловская;Российская Федерация
Троицкий;Свердловская;Российская Федерация
Троицкое;Свердловская;Российская Федерация
Тугулым;Свердловская;Российская Федерация
Туринск;Свердловская;Российская Федерация
Туринская Слобода;Свердловская;Российская Федерация
Уралец;Свердловская;Российская Федерация
Уральский;Свердловская;Российская Федерация
Усть-Салда;Свердловская;Российская Федерация
Уфимский;Свердловская;Российская Федерация
Цементный;Свердловская;Российская Федерация
Черемисское;Свердловская;Российская Федерация
Черемухово;Свердловская;Российская Федерация
Черновское;Свердловская;Российская Федерация
Черноисточинск;Свердловская;Российская Федерация
Чернокоровское;Свердловская;Российская Федерация
Чернушка;Свердловская;Российская Федерация
Четкарино;Свердловская;Российская Федерация
Шаля;Свердловская;Российская Федерация
Шамары;Свердловская;Российская Федерация
Шогринское;Свердловская;Российская Федерация
Щелкун;Свердловская;Российская Федерация
Юшала;Свердловская;Российская Федерация
Севастополь;Севастополь;Российская Федерация
Владикавказ;Северная Осетия - Алания;Российская Федерация
Вязьма;Смоленская;Российская Федерация
Десногорск;Смоленская;Российская Федерация
Смоленск;Смоленская;Российская Федерация
Александрийская;Ставропольский;Российская Федерация
Александровское;Ставропольский;Российская Федерация
Ессентуки;Ставропольский;Российская Федерация
Кисловодск;Ставропольский;Российская Федерация
Невинномысск;Ставропольский;Российская Федерация
Пятигорск;Ставропольский;Российская Федерация
Ставрополь;Ставропольский;Российская Федерация
Тамбов;Тамбовская;Российская Федерация
Агрыз;Татарстан;Российская Федерация
Бугульма;Татарстан;Российская Федерация
Елабуга;Татарстан;Российская Федерация
Заинск;Татарстан;Российская Федерация
Казань;Татарстан;Российская Федерация
Лениногорск;Татарстан;Российская Федерация
Набережные Челны;Татарстан;Российская Федерация
Нижнекамск;Татарстан;Российская Федерация
Старошешминск;Татарстан;Российская Федерация
Тверь;Тверская;Российская Федерация
Северск;Томская;Российская Федерация
Стрежевой;Томская;Российская Федерация
Томск;Томская;Российская Федерация
Тула;Тульская;Российская Федерация
Ак-Довурак;Тыва;Российская Федерация
Кызыл;Тыва;Российская Федерация
Тоора-Хем;Тыва;Российская Федерация
20;Тюменская;Российская Федерация
Абатское;Тюменская;Российская Федерация
Аксарина;Тюменская;Российская Федерация
Беркут;Тюменская;Российская Федерация
Большое Сорокино;Тюменская;Российская Федерация
Викулово;Тюменская;Российская Федерация
Винзили;Тюменская;Российская Федерация
Голышманово;Тюменская;Российская Федерация
Заводоуковск;Тюменская;Российская Федерация
Игрим;Тюменская;Российская Федерация
Излучинск;Тюменская;Российская Федерация
Ингалинское;Тюменская;Российская Федерация
Ишим;Тюменская;Российская Федерация
Каскара;Тюменская;Российская Федерация
Когалым;Тюменская;Российская Федерация
Кондинское;Тюменская;Российская Федерация
Лангепас;Тюменская;Российская Федерация
Мегион;Тюменская;Российская Федерация
Московский;Тюменская;Российская Федерация
Нижневартовск;Тюменская;Российская Федерация
Нижняя Тавда;Тюменская;Российская Федерация
Новоселезнево;Тюменская;Российская Федерация
Ноябрьск;Тюменская;Российская Федерация
Нягань;Тюменская;Российская Федерация
Октябрьский;Тюменская;Российская Федерация
Окунево;Тюменская;Российская Федерация
Пионерский;Тюменская;Российская Федерация
Приполярный;Тюменская;Российская Федерация
Пыть-Ях;Тюменская;Российская Федерация
Салехард;Тюменская;Российская Федерация
Сладково;Тюменская;Российская Федерация
Советский;Тюменская;Российская Федерация
Сургут;Тюменская;Российская Федерация
Таежный;Тюменская;Российская Федерация
Тбмень;Тюменская;Российская Федерация
Тобольск;Тюменская;Российская Федерация
Тюмень;Тюменская;Российская Федерация
Уват;Тюменская;Российская Федерация
Урай;Тюменская;Российская Федерация
Ханты-Мансийск;Тюменская;Российская Федерация
Югорск;Тюменская;Российская Федерация
Ялуторовск;Тюменская;Российская Федерация
Ярково;Тюменская;Российская Федерация
Когалым;Тюменская (Ханты-Манс. и Ямало-Нен. АО);Российская Федерация
Нижневартовск;Тюменская (Ханты-Манс. и Ямало-Нен. АО);Российская Федерация
Нягань;Тюменская (Ханты-Манс. и Ямало-Нен. АО);Российская Федерация
Сургут;Тюменская (Ханты-Манс. и Ямало-Нен. АО);Российская Федерация
Тобольск;Тюменская (Ханты-Манс. и Ямало-Нен. АО);Российская Федерация
Юргинское;Тюменская (Ханты-Манс. и Ямало-Нен. АО);Российская Федерация
Арзамасцево;Удмуртская;Российская Федерация
Балезино;Удмуртская;Российская Федерация
Большая Кибья;Удмуртская;Российская Федерация
Воткинск;Удмуртская;Российская Федерация
Глазов;Удмуртская;Российская Федерация
Грахово;Удмуртская;Российская Федерация
Дебесы;Удмуртская;Российская Федерация
Завьялово;Удмуртская;Российская Федерация
Игра;Удмуртская;Российская Федерация
Ижевск;Удмуртская;Российская Федерация
Италмас;Удмуртская;Российская Федерация
Камбарка;Удмуртская;Российская Федерация
Каменное;Удмуртская;Российская Федерация
Каменное Заделье;Удмуртская;Российская Федерация
Кез;Удмуртская;Российская Федерация
Киясово;Удмуртская;Российская Федерация
Малая Пурга;Удмуртская;Российская Федерация
Можга;Удмуртская;Российская Федерация
Новый;Удмуртская;Российская Федерация
Октябрьский;Удмуртская;Российская Федерация
Перевозное;Удмуртская;Российская Федерация
Писеево;Удмуртская;Российская Федерация
Сарапул;Удмуртская;Российская Федерация
Сигаево;Удмуртская;Российская Федерация
Ува;Удмуртская;Российская Федерация
Укан;Удмуртская;Российская Федерация
Черемушки;Удмуртская;Российская Федерация
Шаркан;Удмуртская;Российская Федерация
Юкаменское;Удмуртская;Российская Федерация
Якшур-Бодья;Удмуртская;Российская Федерация
Яр;Удмуртская;Российская Федерация
Мокрая Бугурна;Ульяновская;Российская Федерация
Ульяновск;Ульяновская;Российская Федерация
Вяземский;Хабаровский;Российская Федерация
Комсомольск-на-Амуре;Хабаровский;Российская Федерация
Хабаровск;Хабаровский;Российская Федерация
Ягодный;Хабаровский;Российская Федерация
Абакан;Хакасия;Российская Федерация
Саяногорск;Хакасия;Российская Федерация
Черногорск;Хакасия;Российская Федерация
11Б;Ханты-Мансийский автономный округ - Югра;Российская Федерация
5 автодороги Нефтеюганск-Сургут;Ханты-Мансийский автономный округ - Югра;Российская Федерация
Автодорога Нефтеюганск-Сургут 54;Ханты-Мансийский автономный округ - Югра;Российская Федерация
Агириш;Ханты-Мансийский автономный округ - Югра;Российская Федерация
Алябьевский;Ханты-Мансийский автономный округ - Югра;Российская Федерация
Андра;Ханты-Мансийский автономный округ - Югра;Российская Федерация
Белоярский;Ханты-Мансийский автономный округ - Югра;Российская Федерация
Белый Яр;Ханты-Мансийский автономный округ - Югра;Российская Федерация
Березово;Ханты-Мансийский автономный округ - Югра;Российская Федерация
Верхнеказымский;Ханты-Мансийский автономный округ - Югра;Российская Федерация
Зеленоборск;Ханты-Мансийский автономный округ - Югра;Российская Федерация
Игрим;Ханты-Мансийский автономный округ - Югра;Российская Федерация
Излучинск;Ханты-Мансийский автономный округ - Югра;Российская Федерация
Кедровый;Ханты-Мансийский автономный округ - Югра;Российская Федерация
Когалым;Ханты-Мансийский автономный округ - Югра;Российская Федерация
Коммунистический;Ханты-Мансийский автономный округ - Югра;Российская Федерация
Лангепас;Ханты-Мансийский автономный округ - Югра;Российская Федерация
Лыхма;Ханты-Мансийский автономный округ - Югра;Российская Федерация
Лянтор;Ханты-Мансийский автономный округ - Югра;Российская Федерация
Малиновский;Ханты-Мансийский автономный округ - Югра;Российская Федерация
Мегион;Ханты-Мансийский автономный округ - Югра;Российская Федерация
Междуреченский;Ханты-Мансийский автономный округ - Югра;Российская Федерация
Нефтеюганск;Ханты-Мансийский автономный округ - Югра;Российская Федерация
Нижневартовск;Ханты-Мансийский автономный округ - Югра;Российская Федерация
Нижнесортымский;Ханты-Мансийский автономный округ - Югра;Российская Федерация
Нягань;Ханты-Мансийский автономный округ - Югра;Российская Федерация
Октябрьский;Ханты-Мансийский автономный округ - Югра;Российская Федерация
Октябрьское;Ханты-Мансийский автономный округ - Югра;Российская Федерация
Перегребное;Ханты-Мансийский автономный округ - Югра;Российская Федерация
Пионерский;Ханты-Мансийский автономный округ - Югра;Российская Федерация
Пойковский;Ханты-Мансийский автономный округ - Югра;Российская Федерация
Покачи;Ханты-Мансийский автономный округ - Югра;Российская Федерация
Покур;Ханты-Мансийский автономный округ - Югра;Российская Федерация
Приобье;Ханты-Мансийский автономный округ - Югра;Российская Федерация
Приполярный;Ханты-Мансийский автономный округ - Югра;Российская Федерация
Пыть-Ях;Ханты-Мансийский автономный округ - Югра;Российская Федерация
Радужный;Ханты-Мансийский автономный округ - Югра;Российская Федерация
Салым;Ханты-Мансийский автономный округ - Югра;Российская Федерация
Сингапай;Ханты-Мансийский автономный округ - Югра;Российская Федерация
Советский;Ханты-Мансийский автономный округ - Югра;Российская Федерация
Солнечный;Ханты-Мансийский автономный округ - Югра;Российская Федерация
Сорум;Ханты-Мансийский автономный округ - Югра;Российская Федерация
Сургут;Ханты-Мансийский автономный округ - Югра;Российская Федерация
Таежный;Ханты-Мансийский автономный округ - Югра;Российская Федерация
Талинка;Ханты-Мансийский автономный округ - Югра;Российская Федерация
Ульт-Ягун;Ханты-Мансийский автономный округ - Югра;Российская Федерация
Унъюган;Ханты-Мансийский автономный округ - Югра;Российская Федерация
Урай;Ханты-Мансийский автономный округ - Югра;Российская Федерация
Федоровский;Ханты-Мансийский автономный округ - Югра;Российская Федерация
Ханты;Ханты-Мансийский автономный округ - Югра;Российская Федерация
Ханты-Мансийск;Ханты-Мансийский автономный округ - Югра;Российская Федерация
Чеускино;Ханты-Мансийский автономный округ - Югра;Российская Федерация
Югорск;Ханты-Мансийский автономный округ - Югра;Российская Федерация
Югра;Ханты-Мансийский автономный округ - Югра;Российская Федерация
Аргаяш;Челябинская;Российская Федерация
Аша;Челябинская;Российская Федерация
Байрамгулово;Челябинская;Российская Федерация
Бакал;Челябинская;Российская Федерация
Березовка;Челябинская;Российская Федерация
Буранный;Челябинская;Российская Федерация
Варна;Челябинская;Российская Федерация
Верхнеуральск;Челябинская;Российская Федерация
Верхний Уфалей;Челябинская;Российская Федерация
Вишневогорск;Челябинская;Российская Федерация
Долгодеревенское;Челябинская;Российская Федерация
Еманжелинск;Челябинская;Российская Федерация
Еткуль;Челябинская;Российская Федерация
Златоуст;Челябинская;Российская Федерация
Измайловский;Челябинская;Российская Федерация
Каменский;Челябинская;Российская Федерация
Карабаш;Челябинская;Российская Федерация
Карталы;Челябинская;Российская Федерация
Касли;Челябинская;Российская Федерация
Катав-Ивановск;Челябинская;Российская Федерация
Катенино;Челябинская;Российская Федерация
Кацбахский;Челябинская;Российская Федерация
Кизильское;Челябинская;Российская Федерация
Копейск;Челябинская;Российская Федерация
Коркино;Челябинская;Российская Федерация
Красногорский;Челябинская;Российская Федерация
Кундравы;Челябинская;Российская Федерация
Куса;Челябинская;Российская Федерация
Кыштым;Челябинская;Российская Федерация
Магнитка;Челябинская;Российская Федерация
Магнитогорск;Челябинская;Российская Федерация
Межозерный;Челябинская;Российская Федерация
Метлино;Челябинская;Российская Федерация
Миасс;Челябинская;Российская Федерация
Миасское;Челябинская;Российская Федерация
Нижний Уфалей;Челябинская;Российская Федерация
Новобатурино;Челябинская;Российская Федерация
Новобурино;Челябинская;Российская Федерация
Нязепетровск;Челябинская;Российская Федерация
Озерск;Челябинская;Российская Федерация
Озёрск;Челябинская;Российская Федерация
Октябрьское;Челябинская;Российская Федерация
Петропавловка;Челябинская;Российская Федерация
Пласт;Челябинская;Российская Федерация
Роза;Челябинская;Российская Федерация
Рощино;Челябинская;Российская Федерация
Сатка;Челябинская;Российская Федерация
Снежинск;Челябинская;Российская Федерация
Сулея;Челябинская;Российская Федерация
Тимирязевский;Челябинская;Российская Федерация
Трехгорный;Челябинская;Российская Федерация
Трехгорный-1;Челябинская;Российская Федерация
Троицк;Челябинская;Российская Федерация
Тюбук;Челябинская;Российская Федерация
Увельский;Челябинская;Российская Федерация
Уйское;Челябинская;Российская Федерация
Ункурда;Челябинская;Российская Федерация
Усть-Катав;Челябинская;Российская Федерация
Халитово;Челябинская;Российская Федерация
Центральный;Челябинская;Российская Федерация
Чебаркуль;Челябинская;Российская Федерация
Челябинск;Челябинская;Российская Федерация
Черемшанка;Челябинская;Российская Федерация
Чесма;Челябинская;Российская Федерация
Шабурово;Челябинская;Российская Федерация
Шемаха;Челябинская;Российская Федерация
Южноуральск;Челябинская;Российская Федерация
Юрюзань;Челябинская;Российская Федерация
Алатырь;Чувашская республика;Российская Федерация
Канаш;Чувашская республика;Российская Федерация
Новочебоксарск;Чувашская республика;Российская Федерация
Чебоксары;Чувашская республика;Российская Федерация
Аксарка;Ямало-Ненецкий;Российская Федерация
Горки;Ямало-Ненецкий;Российская Федерация
Губкинский;Ямало-Ненецкий;Российская Федерация
Заполярный;Ямало-Ненецкий;Российская Федерация
Лабытнанги;Ямало-Ненецкий;Российская Федерация
Мужи;Ямало-Ненецкий;Российская Федерация
Муравленко;Ямало-Ненецкий;Российская Федерация
Надым;Ямало-Ненецкий;Российская Федерация
Новый Порт;Ямало-Ненецкий;Российская Федерация
Новый Уренгой;Ямало-Ненецкий;Российская Федерация
Ноябрьск;Ямало-Ненецкий;Российская Федерация
Панаевск;Ямало-Ненецкий;Российская Федерация
Пангоды;Ямало-Ненецкий;Российская Федерация
Приозерный;Ямало-Ненецкий;Российская Федерация
Пуровск;Ямало-Ненецкий;Российская Федерация
Пурпе;Ямало-Ненецкий;Российская Федерация
Пурпе-1;Ямало-Ненецкий;Российская Федерация
Салеха;Ямало-Ненецкий;Российская Федерация
Салехард;Ямало-Ненецкий;Российская Федерация
Тарко-Сале;Ямало-Ненецкий;Российская Федерация
Уренгой;Ямало-Ненецкий;Российская Федерация
Ханымей;Ямало-Ненецкий;Российская Федерация
Харп;Ямало-Ненецкий;Российская Федерация
Новый Уренгой;Ямало-Ненецкий автономный округ;Российская Федерация
Тутаев;Ярославская;Российская Федерация
Ярославль;Ярославская;Российская Федерация
Латакия;Латакия;Сирийская Арабская Республика
Рединг;Беркшир;Соединенное Королевство Великобритании и Северной Ирландии
Хистеварз;Б.Гафуровского района;ТАДЖИКИСТАН
Рошткала;ВМКБ;ТАДЖИКИСТАН
Исфара;Ворух;ТАДЖИКИСТАН
Гиссар;Гиссарская долина;ТАДЖИКИСТАН
Ванч;Горно-Бадахшанская автономная;ТАДЖИКИСТАН
Душанбе;Душанбе;ТАДЖИКИСТАН
ТУРСУНЗОДА;Душанбе;ТАДЖИКИСТАН
Фирдавси;Душанбе;ТАДЖИКИСТАН
Душанбе;Исмоили Сомони;ТАДЖИКИСТАН
Джайхун;Кумсангийский;ТАДЖИКИСТАН
Турсунзаде;Районы республиканского подчинения;ТАДЖИКИСТАН
Шахринав;Районы республиканского подчинения;ТАДЖИКИСТАН
Файзобод;РРП;ТАДЖИКИСТАН
Джамоат Россия;Рудаки;ТАДЖИКИСТАН
Душанбе;Сино;ТАДЖИКИСТАН
Айни;Согдийская;ТАДЖИКИСТАН
Ашт;Согдийская;ТАДЖИКИСТАН
Б. Гафуровский;Согдийская;ТАДЖИКИСТАН
Басмонда;Согдийская;ТАДЖИКИСТАН
Бободжон Гафуров;Согдийская;ТАДЖИКИСТАН
Бустон;Согдийская;ТАДЖИКИСТАН
Гафуров;Согдийская;ТАДЖИКИСТАН
Гончи;Согдийская;ТАДЖИКИСТАН
Гулистон;Согдийская;ТАДЖИКИСТАН
Джаббор Расулов;Согдийская;ТАДЖИКИСТАН
Зарафшон-1;Согдийская;ТАДЖИКИСТАН
Зафаробод;Согдийская;ТАДЖИКИСТАН
Истаравшан;Согдийская;ТАДЖИКИСТАН
Исфара;Согдийская;ТАДЖИКИСТАН
Кайраккум;Согдийская;ТАДЖИКИСТАН
Канибадам;Согдийская;ТАДЖИКИСТАН
Мастчох;Согдийская;ТАДЖИКИСТАН
Мехробод;Согдийская;ТАДЖИКИСТАН
Расулов;Согдийская;ТАДЖИКИСТАН
Хистеварз;Согдийская;ТАДЖИКИСТАН
Ходжанд;Согдийская;ТАДЖИКИСТАН
Худжанд;Согдийская;ТАДЖИКИСТАН
Чорух-дайрон;Согдийская;ТАДЖИКИСТАН
Шайдон;Согдийская;ТАДЖИКИСТАН
Шахристан;Согдийская;ТАДЖИКИСТАН
Янгикурган;Согдийская;ТАДЖИКИСТАН
Бохтар;Хатлонская;ТАДЖИКИСТАН
Восе;Хатлонская;ТАДЖИКИСТАН
Кулоб;Хатлонская;ТАДЖИКИСТАН
Куляб;Хатлонская;ТАДЖИКИСТАН
Кургантюбе;Хатлонская;ТАДЖИКИСТАН
Курган-Тюбе;Хатлонская;ТАДЖИКИСТАН
Нурека;Хатлонская;ТАДЖИКИСТАН
Фархор;Хатлонская;ТАДЖИКИСТАН
Фархорский;Хатлонская;ТАДЖИКИСТАН
Хатлон;Хатлонская;ТАДЖИКИСТАН
Ховалинг;Хатлонская;ТАДЖИКИСТАН
Душанбе;Шохмансур;ТАДЖИКИСТАН
Андажан;Андижанская;УЗБЕКИСТАН
Шахрихан;Андижанская;УЗБЕКИСТАН
Бухара;Бухарская;УЗБЕКИСТАН
Караганда;Казахстан;УЗБЕКИСТАН
Хисорак;Кашкадарьинская;УЗБЕКИСТАН
Зарафшан;Навоийская;УЗБЕКИСТАН
Навои;Навоийская;УЗБЕКИСТАН
Учкурган;Наманганская;УЗБЕКИСТАН
Самарканд;Самаркандская;УЗБЕКИСТАН
Денау;Сурхандарьинская;УЗБЕКИСТАН
Ташкент;Ташкент;УЗБЕКИСТАН
Ташкент;Ташкентская;УЗБЕКИСТАН
Учкурган;Учкурганская;УЗБЕКИСТАН
Аулы;Днепропетровская;Украина
Днепропетровск;Днепропетровская;Украина
Донецк;Донецкая;Украина
Краматорск;Донецкая;Украина
Макеевка;Донецкая;Украина
Симферополь;Крым;Украина
Ольховый;Луганская;Украина
Николаев;Николаевская;Украина
Конотоп;Сумская;Украина
Трез Риос;Рио-де-Жанейро;Федеративная Республика Бразилия
Берлин;Федеративная Республика Германия;Федеративная Республика Германия